Handle,Title,Body (HTML),Vendor,Type,Tags,Published,Option1 Name,Option1 Value,Option2 Name,Option2 Value,Option3 Name,Option3 Value,Variant SKU,Variant Grams,Variant Inventory Tracker,Variant Inventory Qty,Variant Inventory Policy,Variant Fulfillment Service,Variant Price,Variant Compare At Price,Variant Requires Shipping,Variant Taxable,Variant Barcode,Image Src,Image Alt Text,Gift Card,SEO Title,SEO Description,Google Shopping / Google Product Category,Google Shopping / Gender,Google Shopping / Age Group,Google Shopping / MPN,Google Shopping / AdWords Grouping,Google Shopping / AdWords Labels,Google Shopping / Condition,Google Shopping / Custom Product,Google Shopping / Custom Label 0,Google Shopping / Custom Label 1,Google Shopping / Custom Label 2,Google Shopping / Custom Label 3,Google Shopping / Custom Label 4,Variant Image,Variant Weight Unit,Variant Tax Code,
complete-zombie,Boys Complete Zombie Costume,,Fun World,Costumes,"costumes, complete, zombie, sm, ",,Size,Small,,,,,,,shopify,2,deny,manual,29.99,39.99,True,,23168087898,,,,,,,,,,,,,,,,,,,,,,
complete-zombie,,,,,,,,Medium,,,,,,,shopify,2,deny,manual,29.99,39.99,True,,23168187895,,,,,,,,,,,,,,,,,,,,,,
complete-zombie,,,,,,,,Large,,,,,,,shopify,1,deny,manual,29.99,39.99,True,,23168287892,,,,,,,,,,,,,,,,,,,,,,
alien-complete,Boys Alien Complete Costume,,Fun World,Costumes,"costumes, alien, complete, sm, ",,Size,Small,,,,,,,shopify,2,deny,manual,20.99,27.99,True,,23168087270,,,,,,,,,,,,,,,,,,,,,,
alien-complete,,,,,,,,Large,,,,,,,shopify,1,deny,manual,20.99,27.99,True,,23168247278,,,,,,,,,,,,,,,,,,,,,,
chief-surgeon,Boys Chief Surgeon Costume,,Forum Novelties Inc,Costumes,"costumes, chief, surgeon, sm, ",,Size,Small,,,,,,,shopify,0,deny,manual,22.49,29.99,True,,721773669422,,,,,,,,,,,,,,,,,,,,,,
fireman,Boys Fireman Costume,,Forum Novelties Inc,Costumes,"costumes, fireman, sm, ",,Size,Small,,,,,,,shopify,3,deny,manual,29.99,39.99,True,,721773686306,,,,,,,,,,,,,,,,,,,,,,
i'm-invisible,Boys I'm Invisible Costume,,Forum Novelties Inc,Costumes,"costumes, i'm, invisible, green, lg, ",,Size,Large,Color,GREEN,,,,,shopify,0,deny,manual,20.99,27.99,True,,721773688997,,,,,,,,,,,,,,,,,,,,,,
i'm-invisible,,,,,,,,Medium,,BLACK,,,,,shopify,0,deny,manual,20.99,27.99,True,,721773688966,,,,,,,,,,,,,,,,,,,,,,
i'm-invisible,,,,,,,,Medium,,BLUE,,,,,shopify,3,deny,manual,20.99,27.99,True,,721773689000,,,,,,,,,,,,,,,,,,,,,,
skeleton-zombie,Boys Skeleton Zombie Costume,,Fun World,Costumes,"costumes, skeleton, zombie, lg, ",,Size,Large,,,,,,,shopify,0,deny,manual,29.99,39.99,True,,23168259196,,,,,,,,,,,,,,,,,,,,,,
i'm-invisible,,,,,,,,Large,,BLACK,,,,,shopify,0,deny,manual,20.99,27.99,True,,721773688973,,,,,,,,,,,,,,,,,,,,,,
i'm-invisible,,,,,,,,Large,,BLUE,,,,,shopify,2,deny,manual,20.99,27.99,True,,721773689017,,,,,,,,,,,,,,,,,,,,,,
i'm-invisible,,,,,,,,Medium,,GREEN,,,,,shopify,2,deny,manual,20.99,27.99,True,,721773688980,,,,,,,,,,,,,,,,,,,,,,
i'm-invisible,,,,,,,,Large,,RED,,,,,shopify,0,deny,manual,20.99,27.99,True,,721773689031,,,,,,,,,,,,,,,,,,,,,,
skeleton-zombie,,,,,,,,Small,,,,,,,shopify,2,deny,manual,29.99,39.99,True,,23168059192,,,,,,,,,,,,,,,,,,,,,,
skeleton-zombie,,,,,,,,Medium,,,,,,,shopify,0,deny,manual,29.99,39.99,True,,23168159199,,,,,,,,,,,,,,,,,,,,,,
complete-alien,,,,,,,,Medium,,BLUE,,,,,shopify,2,deny,manual,20.99,27.99,True,,23168147271,,,,,,,,,,,,,,,,,,,,,,
ghost-face-child,Boys Ghost Face Child Costume,,Fun World,Costumes,"costumes, ghost, face, child, ",,Size,Child,,,,,,,shopify,3,deny,manual,18.74,24.99,True,,23168088741,,,,,,,,,,,,,,,,,,,,,,
funny-bones,Boys Funny Bones  Costume,,Amscan,Costumes,"costumes, funny, bones, sm, 4-6, ",,Size,Small,,,,,,,shopify,0,deny,manual,17.24,22.99,True,,809801702966,,,,,,,,,,,,,,,,,,,,,,
gangster,Boys Gangster Costume,,Rubie's Costume Co.,Costumes,"costumes, gangster, lg, ",,Size,Large,,,,,,,shopify,0,deny,manual,26.24,34.99,True,,82686100021,,,,,,,,,,,,,,,,,,,,,,
doctor-jr.,Boys Doctor Jr.  Costume,,Amscan,Costumes,"costumes, doctor, jr., med, 8-10, ",,Size,Medium,,,,,,,shopify,3,deny,manual,11.24,14.99,True,,809801702737,,,,,,,,,,,,,,,,,,,,,,
greaser,Boys Greaser Costume,,Rubie's Costume Co.,Costumes,"costumes, greaser, lg, ",,Size,Large,,,,,,,shopify,2,deny,manual,20.99,27.99,True,,82686100687,,,,,,,,,,,,,,,,,,,,,,
doctor-jr.,,,,,,,,Large,,,,,,,shopify,6,deny,manual,11.24,14.99,True,,809801702744,,,,,,,,,,,,,,,,,,,,,,
police-officer-child,Boys Police Officer Child  Costume,,Amscan,Costumes,"costumes, police, officer, child, sm, 4-6, ",,Size,Small,,,,,,,shopify,4,deny,manual,22.49,29.99,True,,809801707848,,,,,,,,,,,,,,,,,,,,,,
doctor-child,,,,,,,,Child,,,,,,,shopify,4,deny,manual,22.49,29.99,True,,809801707732,,,,,,,,,,,,,,,,,,,,,,
kid-muscle-shirt,Boys Kid Muscle Shirt Costume,,Amscan,Costumes,"costumes, kid, muscle, shirt, ",,Size,Medium,,,,,,,shopify,4,deny,manual,14.99,19.99,True,,809801705424,,,,,,,,,,,,,,,,,,,,,,
scary-bones,Boys Scary Bones Costume,,Amscan,Costumes,"costumes, scary, bones, med, ",,Size,Medium,,,,,,,shopify,1,deny,manual,22.49,29.99,True,,809801706384,,,,,,,,,,,,,,,,,,,,,,
gorilla,Boys Gorilla Costume,,Rubie's Costume Co.,Costumes,"costumes, gorilla, lg, ",,Size,Large,,,,,,,shopify,0,deny,manual,44.99,59.99,True,,400000598703,,,,,,,,,,,,,,,,,,,,,,
inflatable-clown,Boys Inflatable Clown Costume,,Rubie's Costume Co.,Costumes,"costumes, inflatable, clown, ",,,Std,,,,,,,shopify,2,deny,manual,24.74,32.99,True,,82686389044,,,,,,,,,,,,,,,,,,,,,,
gorilla,,,,,,,,Medium,,,,,,,shopify,0,deny,manual,44.99,59.99,True,,82686140515,,,,,,,,,,,,,,,,,,,,,,
alien,,,,,,,,7-8,,,,,,,shopify,2,deny,manual,18.74,24.99,True,,32692126171,,,,,,,,,,,,,,,,,,,,,,
killer-clown,Boys Killer Clown Costume,,Fun World,Costumes,"costumes, killer, clown, lg, ",,Size,Large,,,,,,,shopify,0,deny,manual,29.99,39.99,True,,71765046596,,,,,,,,,,,,,,,,,,,,,,
dark-raven-ninja,Boys Dark Raven Ninja  Costume,,Disguise Inc.,Costumes,"costumes, dark, raven, ninja, sm, (4-6), ",,Size,4-6,,,,,,,shopify,0,deny,manual,22.49,29.99,True,,32692053361,,,,,,,,,,,,,,,,,,,,,,
dark-raven-ninja,,,,,,,,7-8,,,,,,,shopify,0,deny,manual,22.49,29.99,True,,32692053378,,,,,,,,,,,,,,,,,,,,,,
viper-ninja,Boys Viper Ninja  Costume,,Disguise Inc.,Costumes,"costumes, red, viper, ninja, med, (7-8), ",,Size,7-8,Color,RED,,,,,shopify,0,deny,manual,29.99,39.99,True,,32692053477,,,,,,,,,,,,,,,,,,,,,,
roc-snake-eye-muscle,Boys Roc Snake Eye Muscle  Costume,,Disguise Inc.,Costumes,"costumes, roc, snake, eye, muscle, sm, (4-6), ",,Size,4-6,,,,,,,shopify,0,deny,manual,29.99,39.99,True,,32692037262,,,,,,,,,,,,,,,,,,,,,,
roc-snake-eye-muscle,,,,,,,,7-8,,,,,,,shopify,0,deny,manual,29.99,39.99,True,,32692037279,,,,,,,,,,,,,,,,,,,,,,
roc-snake-eye-muscle,,,,,,,,10-12,,,,,,,shopify,0,deny,manual,29.99,39.99,True,,39897425689,,,,,,,,,,,,,,,,,,,,,,
optimus-prime-muscle,Boys Optimus Prime Muscle  Costume,,Disguise Inc.,Costumes,"costumes, optimus, prime, muscle, sm, (4-6), ",,Size,4-6,,,,,,,shopify,1,deny,manual,29.99,39.99,True,,39897735177,,,,,,,,,,,,,,,,,,,,,,
optimus-prime-muscle,,,,,,,,7-8,,,,,,,shopify,2,deny,manual,29.99,39.99,True,,39897735153,,,,,,,,,,,,,,,,,,,,,,
wolverine-muscle,Boys Wolverine Muscle  Costume,,Disguise Inc.,Costumes,"costumes, wolverine, muscle, med, (7-8), ",,Size,7-8,,,,,,,shopify,0,deny,manual,26.24,34.99,True,,32692055570,,,,,,,,,,,,,,,,,,,,,,
fire-dragon-ninja-child,Boys Fire Dragon Ninja Child Costume,,Amscan,Costumes,"costumes, fire, dragon, ninja, child, sm, ",,Size,Small,,,,,,,shopify,2,deny,manual,18.74,24.99,True,,809801702881,,,,,,,,,,,,,,,,,,,,,,
fire-dragoin-ninja-child,,,,,,,,Medium,,,,,,,shopify,3,deny,manual,18.74,24.99,True,,809801703062,,,,,,,,,,,,,,,,,,,,,,
fire-dragoin-ninja-child,,,,,,,,Large,,,,,,,shopify,5,deny,manual,18.74,24.99,True,,809801703055,,,,,,,,,,,,,,,,,,,,,,
fang-child,Boys Fang Child  Costume,,Amscan,Costumes,"costumes, fang, child, med, 8-10, ",,Size,Medium,,,,,,,shopify,0,deny,manual,22.49,29.99,True,,809801702836,,,,,,,,,,,,,,,,,,,,,,
fang-child,,,,,,,,Large,,,,,,,shopify,0,deny,manual,22.49,29.99,True,,809801702843,,,,,,,,,,,,,,,,,,,,,,
dark-vampire-child,Boys Dark Vampire Child Costume,,Amscan,Costumes,"costumes, dark, vampire, child, sm, ",,Size,Small,,,,,,,shopify,0,deny,manual,22.49,29.99,True,,809801731799,,,,,,,,,,,,,,,,,,,,,,
dark-vampire-child,,,,,,,,Medium,,,,,,,shopify,1,deny,manual,22.49,29.99,True,,809801731669,,,,,,,,,,,,,,,,,,,,,,
brave-crusader-ch,Boys Brave Crusader Ch Costume,,Amscan,Costumes,"costumes, brave, crusader, ch, med, ",,Size,Medium,,,,,,,shopify,3,deny,manual,26.24,34.99,True,,809801723770,,,,,,,,,,,,,,,,,,,,,,
brave-crusader-ch,,,,,,,,Large,,,,,,,shopify,4,deny,manual,26.24,34.99,True,,809801723763,,,,,,,,,,,,,,,,,,,,,,
grey-werewolf,Boys Grey Werewolf Costume,,Fun World,Costumes,"costumes, grey, werewolf, medium, ",,Size,Medium,,,,,,,shopify,0,deny,manual,33.74,44.99,True,,23168158130,,,,,,,,,,,,,,,,,,,,,,
grey-werewolf,,,,,,,,Large,,,,,,,shopify,0,deny,manual,33.74,44.99,True,,23168258137,,,,,,,,,,,,,,,,,,,,,,
brown-werewolf,Boys Brown Werewolf Costume,,Fun World,Costumes,"costumes, brown, werewolf, med, ",,Size,Medium,,,,,,,shopify,0,deny,manual,33.74,44.99,True,,23168128133,,,,,,,,,,,,,,,,,,,,,,
brown-werewolf,,,,,,,,Large,,,,,,,shopify,0,deny,manual,33.74,44.99,True,,23168228130,,,,,,,,,,,,,,,,,,,,,,
werewolf,Boys Werewolf Costume,,Fun World,Costumes,"costumes, black, werewolf, med, ",,Size,Medium,Color,BLACK,,,,,shopify,0,deny,manual,33.74,44.99,True,,23168558138,,,,,,,,,,,,,,,,,,,,,,
uncle-sam,Boys Uncle Sam Costume,,Forum Novelties Inc,Costumes,"costumes, uncle, sam, sm, ",,Size,Small,,,,,,,shopify,4,deny,manual,11.24,14.99,True,,400000505626,,,,,,,,,,,,,,,,,,,,,,
lab-coat-child,Boys Lab Coat Child Costume,,Fun World,Costumes,"costumes, lab, coat, child, ",,Size,Child,,,,,,,shopify,0,deny,manual,14.99,19.99,True,,23168058492,,,,,,,,,,,,,,,,,,,,,,
grave-reaper-child,Boys Grave Reaper Child Costume,,Fun World,Costumes,"costumes, grave, reaper, child, ",,Size,Child,,,,,,,shopify,0,deny,manual,14.99,19.99,True,,23168087348,,,,,,,,,,,,,,,,,,,,,,
football-player,Boys Football Player Costume,,Forum Novelties Inc,Costumes,"costumes, football, player, sm, ",,Size,Small,,,,,,,shopify,0,deny,manual,22.49,29.99,True,,721773705953,,,,,,,,,,,,,,,,,,,,,,
football-player,,,,,,,,Medium,,,,,,,shopify,0,deny,manual,22.49,29.99,True,,721773705960,,,,,,,,,,,,,,,,,,,,,,
mummy,Boys Mummy Costume,,Forum Novelties Inc,Costumes,"costumes, mummy, med, ",,Size,Medium,,,,,,,shopify,2,deny,manual,22.49,29.99,True,,721773706011,,,,,,,,,,,,,,,,,,,,,,
mummy,,,,,,,,Large,,,,,,,shopify,1,deny,manual,22.49,29.99,True,,721773706028,,,,,,,,,,,,,,,,,,,,,,
bone-suit,Boys Bone Suit Costume,,Forum Novelties Inc,Costumes,"costumes, bone, suit, med, ",,Size,Medium,,,,,,,shopify,0,deny,manual,29.99,39.99,True,,721773709296,,,,,,,,,,,,,,,,,,,,,,
bone-suit,,,,,,,,Large,,,,,,,shopify,1,deny,manual,29.99,39.99,True,,721773709302,,,,,,,,,,,,,,,,,,,,,,
headless-boy-teen,Boys Headless Boy Teen Costume,,Forum Novelties Inc,Costumes,"costumes, headless, boy, teen, ",,Size,Teen,,,,,,,shopify,1,deny,manual,22.49,29.99,True,,721773722301,,,,,,,,,,,,,,,,,,,,,,
headless-boy,,,,,,,,Headless Boy,,,,,,,shopify,0,deny,manual,22.49,29.99,True,,721773681028,,,,,,,,,,,,,,,,,,,,,,
delta-force,Boys Delta Force Costume,,Fun World,Costumes,"costumes, delta, force, lg, ",,Size,Large,,,,,,,shopify,0,deny,manual,41.24,54.99,True,,788677082085,,,,,,,,,,,,,,,,,,,,,,
delta-force,,,,,,,,Medium,,,,,,,shopify,0,deny,manual,41.24,54.99,True,,788677063589,,,,,,,,,,,,,,,,,,,,,,
delta-force,,,,,,,,Small,,,,,,,shopify,0,deny,manual,41.24,54.99,True,,788677056628,,,,,,,,,,,,,,,,,,,,,,
michelangelo-movie,Boys Michelangelo Movie Costume,,Rubie's Costume Co.,Costumes,"costumes, michelangelo, dlx, sm, movie, ",,Size,Small,,,,,,,shopify,0,deny,manual,29.99,39.99,True,,883028897551,,,,,,,,,,,,,,,,,,,,,,
howling-ghost,Boys Howling Ghost Costume,,Rubie's Costume Co.,Costumes,"costumes, howling, ghost, med, ",,Size,Medium,,,,,,,shopify,1,deny,manual,12.74,16.99,True,,883028102167,,,,,,,,,,,,,,,,,,,,,,
royal-vampire,Boys Royal Vampire Costume,,Rubie's Costume Co.,Costumes,"costumes, royal, vampire, med, ",,Size,Medium,,,,,,,shopify,2,deny,manual,24.74,32.99,True,,883028391769,,,,,,,,,,,,,,,,,,,,,,
michelangelo-movie,,,,,,,,Medium,,,,,,,shopify,1,deny,manual,29.99,39.99,True,,883028897568,,,,,,,,,,,,,,,,,,,,,,
howling-ghost,,,,,,,,Large,,,,,,,shopify,1,deny,manual,12.74,16.99,True,,883028102174,,,,,,,,,,,,,,,,,,,,,,
royal-vampire,,,,,,,,Large,,,,,,,shopify,2,deny,manual,24.74,32.99,True,,883028391776,,,,,,,,,,,,,,,,,,,,,,
michelangelo-movie,,,,,,,,Large,,,,,,,shopify,0,deny,manual,29.99,39.99,True,,883028897575,,,,,,,,,,,,,,,,,,,,,,
cool-ghoul,Boys Cool Ghoul Costume,,Rubie's Costume Co.,Costumes,"costumes, cool, ghoul, sm, ",,Size,Small,,,,,,,shopify,1,deny,manual,12.74,16.99,True,,883028103652,,,,,,,,,,,,,,,,,,,,,,
anakin-skywalker,Boys Anakin Skywalker Costume,,Rubie's Costume Co.,Costumes,"costumes, anakin, skywalker, sm, ",,Size,Small,,,,,,,shopify,2,deny,manual,22.49,29.99,True,,883028201259,,,,,,,,,,,,,,,,,,,,,,
evil-minion-foam,Boys Evil Minion Foam Costume,,Rubie's Costume Co.,Costumes,"costumes, evil, minion, foam, sm, ",,Size,Small,,,,,,,shopify,1,deny,manual,22.49,29.99,True,,883028731756,,,,,,,,,,,,,,,,,,,,,,
cool-ghoul,,,,,,,,Large,,,,,,,shopify,1,deny,manual,12.74,16.99,True,,883028103676,,,,,,,,,,,,,,,,,,,,,,
anakin-skywalker,,,,,,,,Medium,,,,,,,shopify,1,deny,manual,22.49,29.99,True,,883028201266,,,,,,,,,,,,,,,,,,,,,,
minion-dave-foam,Boys Minion Dave Foam Costume,,Rubie's Costume Co.,Costumes,"costumes, minion, dave, foam, sm, ",,Size,Small,,,,,,,shopify,2,deny,manual,22.49,29.99,True,,883028644452,,,,,,,,,,,,,,,,,,,,,,
evil-minion-foam,,,,,,,,Medium,,,,,,,shopify,1,deny,manual,22.49,29.99,True,,883028731763,,,,,,,,,,,,,,,,,,,,,,
pirate-king,Boys Pirate King Costume,,Rubie's Costume Co.,Costumes,"costumes, pirate, king, sm, ",,Size,Small,,,,,,,shopify,2,deny,manual,12.74,16.99,True,,883028104055,,,,,,,,,,,,,,,,,,,,,,
anakin-skywalker,,,,,,,,Large,,,,,,,shopify,0,deny,manual,22.49,29.99,True,,883028201273,,,,,,,,,,,,,,,,,,,,,,
swat-police,Boys Swat Police Costume,,Rubie's Costume Co.,Costumes,"costumes, swat, police, med, ",,Size,Medium,,,,,,,shopify,0,deny,manual,26.24,34.99,True,,883028281367,,,,,,,,,,,,,,,,,,,,,,
ghostbusters,Boys Ghostbusters Costume,,Rubie's Costume Co.,Costumes,"costumes, ghostbusters, lg, ",,Size,Large,,,,,,,shopify,1,deny,manual,29.99,39.99,True,,883028432073,,,,,,,,,,,,,,,,,,,,,,
minion-dave-foam,,,,,,,,Medium,,,,,,,shopify,1,deny,manual,22.49,29.99,True,,883028644469,,,,,,,,,,,,,,,,,,,,,,
pirate-king,,,,,,,,Medium,,,,,,,shopify,1,deny,manual,12.74,16.99,True,,883028104062,,,,,,,,,,,,,,,,,,,,,,
obi-wan-kenobi,Boys Obi Wan Kenobi Costume,,Rubie's Costume Co.,Costumes,"costumes, obi, wan, kenobi, med, ",,Size,Medium,,,,,,,shopify,0,deny,manual,22.49,29.99,True,,883028201365,,,,,,,,,,,,,,,,,,,,,,
swat-police,,,,,,,,Large,,,,,,,shopify,2,deny,manual,26.24,34.99,True,,883028281374,,,,,,,,,,,,,,,,,,,,,,
cherokee-warrior,Boys Cherokee Warrior Costume,,Rubie's Costume Co.,Costumes,"costumes, cherokee, warrior, med, ",,Size,Medium,,,,,,,shopify,0,deny,manual,12.74,16.99,True,,883028105168,,,,,,,,,,,,,,,,,,,,,,
superman,Boys Superman Costume,,Rubie's Costume Co.,Costumes,"costumes, superman, sm, ",,Size,Small,,,,,,,shopify,4,deny,manual,22.49,29.99,True,,883028208555,,,,,,,,,,,,,,,,,,,,,,
gid-skeleton,Boys Gid Skeleton Costume,,Rubie's Costume Co.,Costumes,"costumes, gid, skeleton, sm, ",,Size,Small,,,,,,,shopify,0,deny,manual,22.49,29.99,True,,883028283750,,,,,,,,,,,,,,,,,,,,,,
cherokee-warrior,,,,,,,,Large,,,,,,,shopify,1,deny,manual,12.74,16.99,True,,883028105175,,,,,,,,,,,,,,,,,,,,,,
superman,,,,,,,,Medium,,,,,,,shopify,2,deny,manual,22.49,29.99,True,,883028208562,,,,,,,,,,,,,,,,,,,,,,
gid-skeleton,,,,,,,,Medium,,,,,,,shopify,2,deny,manual,22.49,29.99,True,,883028283767,,,,,,,,,,,,,,,,,,,,,,
swat-team,Boys Swat Team Costume,,Rubie's Costume Co.,Costumes,"costumes, swat, team, lg, ",,Size,Large,,,,,,,shopify,5,deny,manual,22.49,29.99,True,,883028208678,,,,,,,,,,,,,,,,,,,,,,
gid-skeleton,,,,,,,,Large,,,,,,,shopify,2,deny,manual,22.49,29.99,True,,883028283774,,,,,,,,,,,,,,,,,,,,,,
frankie-stein,Boys Frankie Stein Costume,,Rubie's Costume Co.,Costumes,"costumes, frankie, stein, dlx, sm, ",,Size,Small,,,,,,,shopify,0,deny,manual,29.99,39.99,True,,883028490059,,,,,,,,,,,,,,,,,,,,,,
scooby-doo,Boys Scooby Doo Costume,,Rubie's Costume Co.,Costumes,"costumes, scooby, doo, dlx, med, ",,Size,Medium,,,,,,,shopify,0,deny,manual,37.49,49.99,True,,883028209262,,,,,,,,,,,,,,,,,,,,,,
frankie-stein,,,,,,,,Medium,,,,,,,shopify,0,deny,manual,29.99,39.99,True,,883028490066,,,,,,,,,,,,,,,,,,,,,,
spyro,Boys Spyro Costume,,Rubie's Costume Co.,Costumes,"costumes, spyro, sm, ",,Size,Small,,,,,,,shopify,0,deny,manual,22.49,29.99,True,,883028163250,,,,,,,,,,,,,,,,,,,,,,
police-officer,,,,,,,,Medium,,,,,,,shopify,0,deny,manual,26.24,34.99,True,,883028211463,,,,,,,,,,,,,,,,,,,,,,
frankie-stein,,,,,,,,Large,,,,,,,shopify,1,deny,manual,29.99,39.99,True,,883028490073,,,,,,,,,,,,,,,,,,,,,,
knight,Boys Knight Costume,,Rubie's Costume Co.,Costumes,"costumes, knight, med, ",,Size,Medium,,,,,,,shopify,1,deny,manual,20.99,27.99,True,,883028664160,,,,,,,,,,,,,,,,,,,,,,
spyro,,,,,,,,Medium,,,,,,,shopify,1,deny,manual,22.49,29.99,True,,883028163267,,,,,,,,,,,,,,,,,,,,,,
knight,,,,,,,,Large,,,,,,,shopify,1,deny,manual,20.99,27.99,True,,883028664177,,,,,,,,,,,,,,,,,,,,,,
h/s-the-batman,Boys H/S The Batman Costume,,Rubie's Costume Co.,Costumes,"costumes, h/s, the, batman, sm, ",,Size,Small,,,,,,,shopify,2,deny,manual,22.49,29.99,True,,883028221059,,,,,,,,,,,,,,,,,,,,,,
captain,Boys Captain Costume,,Rubie's Costume Co.,Costumes,"costumes, captain, black, sm, ",,Size,Small,Color,BLACK,,,,,shopify,1,deny,manual,29.99,39.99,True,,883028289653,,,,,,,,,,,,,,,,,,,,,,
ninja,,,,,,,,Large,,BLACK,,,,,shopify,1,deny,manual,11.24,14.99,True,,883028190072,,,,,,,,,,,,,,,,,,,,,,
robin-w/muscle,Boys Robin W/Muscle Costume,,Rubie's Costume Co.,Costumes,"costumes, robin, dlx, w/muscle, sm, ",,Size,Small,,,,,,,shopify,1,deny,manual,29.99,39.99,True,,883028230952,,,,,,,,,,,,,,,,,,,,,,
prisoner-boy,Boys Prisoner Boy Costume,,Rubie's Costume Co.,Costumes,"costumes, prisoner, boy, med, ",,Size,Medium,,,,,,,shopify,0,deny,manual,9.74,12.99,True,,883028191765,,,,,,,,,,,,,,,,,,,,,,
robin-w/muscle,,,,,,,,Medium,,,,,,,shopify,1,deny,manual,29.99,39.99,True,,883028230969,,,,,,,,,,,,,,,,,,,,,,
leonardo,Boys Leonardo Costume,,Rubie's Costume Co.,Costumes,"costumes, leonardo, dlx, sm, ",,Size,Small,,,,,,,shopify,0,deny,manual,19.99,39.99,True,,883028676057,,,,,,,,,,,,,,,,,,,,,,
prisoner-boy,,,,,,,,Large,,,,,,,shopify,0,deny,manual,9.74,12.99,True,,883028191772,,,,,,,,,,,,,,,,,,,,,,
indiana-jones,Boys Indiana Jones Costume,,Rubie's Costume Co.,Costumes,"costumes, indiana, jones, dlx, med, ",,Size,Medium,,,,,,,shopify,1,deny,manual,29.99,39.99,True,,883028312665,,,,,,,,,,,,,,,,,,,,,,
leonardo,,,,,,,,Medium,,,,,,,shopify,1,deny,manual,19.99,39.99,True,,883028676064,,,,,,,,,,,,,,,,,,,,,,
clown,Boys Clown Costume,,Rubie's Costume Co.,Costumes,"costumes, clown, sm, ",,Size,Small,,,,,,,shopify,0,deny,manual,9.74,12.99,True,,883028192656,,,,,,,,,,,,,,,,,,,,,,
indiana-jones,,,,,,,,Large,,,,,,,shopify,1,deny,manual,29.99,39.99,True,,883028312672,,,,,,,,,,,,,,,,,,,,,,
donatello,Boys Donatello Costume,,Rubie's Costume Co.,Costumes,"costumes, donatello, dlx, sm, ",,Size,Small,,,,,,,shopify,2,deny,manual,19.99,39.99,True,,883028676156,,,,,,,,,,,,,,,,,,,,,,
h/s-batman,Boys H/S Batman Costume,,Rubie's Costume Co.,Costumes,"costumes, h/s, batman, sm, ",,Size,Small,,,,,,,shopify,0,deny,manual,29.99,39.99,True,,883028128655,,,,,,,,,,,,,,,,,,,,,,
clown,,,,,,,,Medium,,,,,,,shopify,0,deny,manual,9.74,12.99,True,,883028192663,,,,,,,,,,,,,,,,,,,,,,
donatello,,,,,,,,Medium,,,,,,,shopify,3,deny,manual,19.99,39.99,True,,883028676163,,,,,,,,,,,,,,,,,,,,,,
leonardo-movie,,,,,,,,Small,,,,,,,shopify,0,deny,manual,19.99,39.99,True,,883028897254,,,,,,,,,,,,,,,,,,,,,,
h/s-batman,,,,,,,,Medium,,,,,,,shopify,0,deny,manual,29.99,39.99,True,,883028128662,,,,,,,,,,,,,,,,,,,,,,
clown,,,,,,,,Large,,,,,,,shopify,0,deny,manual,9.74,12.99,True,,883028192670,,,,,,,,,,,,,,,,,,,,,,
superman-w/muscle,,,,,,,,Small,,,,,,,shopify,3,deny,manual,29.99,39.99,True,,883028262656,,,,,,,,,,,,,,,,,,,,,,
raphael,Boys Raphael Costume,,Rubie's Costume Co.,Costumes,"costumes, raphael, dlx, sm, ",,Size,Small,,,,,,,shopify,0,deny,manual,19.99,39.99,True,,883028676255,,,,,,,,,,,,,,,,,,,,,,
leonardo-movie,,,,,,,,Medium,,,,,,,shopify,1,deny,manual,19.99,39.99,True,,883028897261,,,,,,,,,,,,,,,,,,,,,,
h/s-batman,,,,,,,,Large,,,,,,,shopify,0,deny,manual,29.99,39.99,True,,883028128679,,,,,,,,,,,,,,,,,,,,,,
raphael,,,,,,,,Medium,,,,,,,shopify,2,deny,manual,19.99,39.99,True,,883028676262,,,,,,,,,,,,,,,,,,,,,,
leonardo-movie,,,,,,,,Large,,,,,,,shopify,2,deny,manual,19.99,39.99,True,,883028897278,,,,,,,,,,,,,,,,,,,,,,
darth-vader,Boys Darth Vader Costume,,Rubie's Costume Co.,Costumes,"costumes, darth, vader, sm, ",,Size,Small,,,,,,,shopify,2,deny,manual,22.49,29.99,True,,883028200955,,,,,,,,,,,,,,,,,,,,,,
superman-w/muscle,,,,,,,,Large,,,,,,,shopify,4,deny,manual,29.99,39.99,True,,883028262670,,,,,,,,,,,,,,,,,,,,,,
captain-rex,,,,,,,,Small,,,,,,,shopify,2,deny,manual,22.49,29.99,True,,883028320059,,,,,,,,,,,,,,,,,,,,,,
michaelangelo,Boys Michaelangelo Costume,,Rubie's Costume Co.,Costumes,"costumes, michaelangelo, dlx, sm, ",,Size,Small,,,,,,,shopify,3,deny,manual,19.99,39.99,True,,883028676354,,,,,,,,,,,,,,,,,,,,,,
donatello-movie,,,,,,,,Small,,,,,,,shopify,2,deny,manual,19.99,39.99,True,,883028897353,,,,,,,,,,,,,,,,,,,,,,
darth-vader,,,,,,,,Medium,,,,,,,shopify,3,deny,manual,22.49,29.99,True,,883028200962,,,,,,,,,,,,,,,,,,,,,,
captain-rex,,,,,,,,Medium,,,,,,,shopify,2,deny,manual,22.49,29.99,True,,883028320066,,,,,,,,,,,,,,,,,,,,,,
michaelangelo,,,,,,,,Medium,,,,,,,shopify,3,deny,manual,19.99,39.99,True,,883028676361,,,,,,,,,,,,,,,,,,,,,,
donatello-movie,,,,,,,,Medium,,,,,,,shopify,2,deny,manual,19.99,39.99,True,,883028897360,,,,,,,,,,,,,,,,,,,,,,
darth-vader,,,,,,,,Large,,,,,,,shopify,2,deny,manual,22.49,29.99,True,,883028200979,,,,,,,,,,,,,,,,,,,,,,
batman-w/muscle,Boys Batman W/Muscle Costume,,Rubie's Costume Co.,Costumes,"costumes, batman, w/muscle, sm, ",,Size,Small,,,,,,,shopify,0,deny,manual,29.99,39.99,True,,883028348251,,,,,,,,,,,,,,,,,,,,,,
michaelangelo,,,,,,,,Large,,,,,,,shopify,3,deny,manual,19.99,39.99,True,,883028676378,,,,,,,,,,,,,,,,,,,,,,
donatello-movie,,,,,,,,Large,,,,,,,shopify,2,deny,manual,19.99,39.99,True,,883028897377,,,,,,,,,,,,,,,,,,,,,,
clone-trooper,Boys Clone Trooper Costume,,Rubie's Costume Co.,Costumes,"costumes, clone, trooper, sm, ",,Size,Small,,,,,,,shopify,1,deny,manual,22.49,29.99,True,,883028201051,,,,,,,,,,,,,,,,,,,,,,
batman,,,,,,,,Small,,,,,,,shopify,1,deny,manual,22.49,29.99,True,,883028348350,,,,,,,,,,,,,,,,,,,,,,
michael-myers-child,,,,,,,,Large,,,,,,,shopify,0,deny,manual,22.49,29.99,True,,883028679072,,,,,,,,,,,,,,,,,,,,,,
raphael-movie,,,,,,,,Small,,,,,,,shopify,0,deny,manual,19.99,39.99,True,,883028897452,,,,,,,,,,,,,,,,,,,,,,
clone-trooper,,,,,,,,Medium,,,,,,,shopify,1,deny,manual,22.49,29.99,True,,883028201068,,,,,,,,,,,,,,,,,,,,,,
astronaut,Boys Astronaut Costume,,Rubie's Costume Co.,Costumes,"costumes, astronaut, med, ",,Size,Medium,,,,,,,shopify,1,deny,manual,26.24,34.99,True,,883028270064,,,,,,,,,,,,,,,,,,,,,,
batman,,,,,,,,Medium,,,,,,,shopify,2,deny,manual,22.49,29.99,True,,883028348367,,,,,,,,,,,,,,,,,,,,,,
raphael-movie,,,,,,,,Medium,,,,,,,shopify,1,deny,manual,19.99,39.99,True,,883028897469,,,,,,,,,,,,,,,,,,,,,,
clone-trooper,,,,,,,,Large,,,,,,,shopify,0,deny,manual,22.49,29.99,True,,883028201075,,,,,,,,,,,,,,,,,,,,,,
astronaut,,,,,,,,Large,,,,,,,shopify,0,deny,manual,26.24,34.99,True,,883028270071,,,,,,,,,,,,,,,,,,,,,,
raphael-movie,,,,,,,,Large,,,,,,,shopify,2,deny,manual,19.99,39.99,True,,883028897476,,,,,,,,,,,,,,,,,,,,,,
zombie-boy,Boys Zombie Boy Costume,,Forum Novelties Inc,Costumes,"costumes, zombie, boy, lg, ",,Size,Large,,,,,,,shopify,2,deny,manual,22.49,29.99,True,,721773669415,,,,,,,,,,,,,,,,,,,,,,
i'm-invisible,,,,,,,,Medium,,RED,,,,,shopify,2,deny,manual,20.99,27.99,True,,721773689024,,,,,,,,,,,,,,,,,,,,,,
patriot,Boys Patriot Costume,,Costume Culture By Franco Llc,Costumes,"costumes, patriot, sm, ",,Size,Small,,,,,,,shopify,0,deny,manual,37.49,49.99,True,,91346922415,,,,,,,,,,,,,,,,,,,,,,
patriot,,,,,,,,Medium,,,,,,,shopify,1,deny,manual,37.49,49.99,True,,91346922422,,,,,,,,,,,,,,,,,,,,,,
banana,Boys Banana  Costume,,Rasta Imposta,Costumes,"costumes, banana, 7-10, ",,,,,,,,,,shopify,2,deny,manual,22.49,29.99,True,,791249009717,,,,,,,,,,,,,,,,,,,,,,
patriot,,,,,,,,Large,,,,,,,shopify,1,deny,manual,37.49,49.99,True,,91346922439,,,,,,,,,,,,,,,,,,,,,,
hot-dog,Boys Hot Dog  Costume,,Rasta Imposta,Costumes,"costumes, hot, dog, 7-10, ",,,,,,,,,,shopify,0,deny,manual,22.49,29.99,True,,791249009748,,,,,,,,,,,,,,,,,,,,,,
sand-shark,Boys Sand Shark  Costume,,Rasta Imposta,Costumes,"costumes, sand, shark, 4-6, ",,,,,,,,,,shopify,0,deny,manual,24.74,32.99,True,,791249652647,,,,,,,,,,,,,,,,,,,,,,
sand-shark,,,,,,,,,,,,,,,shopify,0,deny,manual,24.74,32.99,True,,791249652678,,,,,,,,,,,,,,,,,,,,,,
jack-sparrow--teen,Boys Jack Sparrow  Teen Costume,,Disguise Inc.,Costumes,"costumes, jack, sparrow, 38-40, teen, ",,Size,Teen,,,,,,,shopify,0,deny,manual,67.49,89.99,True,,32692503521,,,,,,,,,,,,,,,,,,,,,,
mad-hatter-teen,Boys Mad Hatter Teen Costume,,Disguise Inc.,Costumes,"costumes, mad, hatter, teen, ",,Size,Medium,,,,,,,shopify,0,deny,manual,59.99,79.99,True,,39897135472,,,,,,,,,,,,,,,,,,,,,,
air-force-pilot,Boys Air Force Pilot Costume,,Rubie's Costume Co.,Costumes,"costumes, air, force, pilot, lg, ",,Size,Large,,,,,,,shopify,0,deny,manual,26.24,34.99,True,,883028270170,,,,,,,,,,,,,,,,,,,,,,
donatello,,,,,,,,Large,,,,,,,shopify,3,deny,manual,19.99,39.99,True,,883028676170,,,,,,,,,,,,,,,,,,,,,,
native-warrior,Boys Native Warrior Costume,,Rubie's Costume Co.,Costumes,"costumes, native, warrior, sm, ",,Size,Small,,,,,,,shopify,2,deny,manual,11.24,14.99,True,,883028192854,,,,,,,,,,,,,,,,,,,,,,
duke,Boys Duke  Costume,,Disguise Inc.,Costumes,"costumes, duke, 7-8, ",,,,,,,,,,shopify,0,deny,manual,22.49,29.99,True,,32692037071,,,,,,,,,,,,,,,,,,,,,,
motocross-rider,Boys Motocross Rider  Costume,,Disguise Inc.,Costumes,"costumes, motocross, rider, 7-8, ",,Size,Medium,,,,,,,shopify,0,deny,manual,18.74,24.99,True,,32692212591,,,,,,,,,,,,,,,,,,,,,,
old-west-sheriff,Boys Old West Sheriff Costume,,Fun World,Costumes,"costumes, old, west, sheriff, lg, ",,Size,Large,,,,,,,shopify,0,deny,manual,22.49,29.99,True,,788677062780,,,,,,,,,,,,,,,,,,,,,,
air-force-pilot,,,,,,,,Medium,,,,,,,shopify,2,deny,manual,26.24,34.99,True,,883028270163,,,,,,,,,,,,,,,,,,,,,,
firefighter,Boys Firefighter Costume,,Rubie's Costume Co.,Costumes,"costumes, firefighter, lg, ",,Size,Large,,,,,,,shopify,0,deny,manual,24.74,32.99,True,,883028270378,,,,,,,,,,,,,,,,,,,,,,
glow-alien,Boys Glow Alien  Costume,,Disguise Inc.,Costumes,"costumes, glow, alien, 7-8, ",,,,,,,,,,shopify,0,deny,manual,22.49,29.99,True,,39897392189,,,,,,,,,,,,,,,,,,,,,,
mr-potato-head,Boys Mr Potato Head Costume,,Disguise Inc.,Costumes,"costumes, mr, potato, head, lg, ",,Size,Large,,,,,,,shopify,0,deny,manual,29.99,39.99,True,,39897168098,,,,,,,,,,,,,,,,,,,,,,
old-west-sheriff,,,,,,,,Medium,,,,,,,shopify,0,deny,manual,22.49,29.99,True,,788677056505,,,,,,,,,,,,,,,,,,,,,,
ari-force-pilot,Boys Ari Force Pilot Costume,,Rubie's Costume Co.,Costumes,"costumes, ari, force, pilot, sm, ",,Size,Small,,,,,,,shopify,2,deny,manual,26.24,34.99,True,,883028270156,,,,,,,,,,,,,,,,,,,,,,
firefighter,,,,,,,,Medium,,,,,,,shopify,0,deny,manual,24.74,32.99,True,,883028270361,,,,,,,,,,,,,,,,,,,,,,
ninja,Boys Ninja Costume,,Rubie's Costume Co.,Costumes,"costumes, ninja, black, med, ",,Size,Medium,Color,BLACK,,,,,shopify,1,deny,manual,11.24,14.99,True,,883028190065,,,,,,,,,,,,,,,,,,,,,,
glow-alien,,,,,,,,,,,,,,,shopify,0,deny,manual,22.49,29.99,True,,39897392196,,,,,,,,,,,,,,,,,,,,,,
old-west-sheriff,,,,,,,,Small,,,,,,,shopify,0,deny,manual,22.49,29.99,True,,788677068713,,,,,,,,,,,,,,,,,,,,,,
astronaut,,,,,,,,Small,,,,,,,shopify,2,deny,manual,26.24,34.99,True,,883028270057,,,,,,,,,,,,,,,,,,,,,,
firefighter,,,,,,,,Small,,,,,,,shopify,0,deny,manual,24.74,32.99,True,,883028270354,,,,,,,,,,,,,,,,,,,,,,
ninja,,,,,,,,Small,,BLACK,,,,,shopify,2,deny,manual,11.24,14.99,True,,883028190058,,,,,,,,,,,,,,,,,,,,,,
policeman,,,,,,,,Medium,,,,,,,shopify,0,deny,manual,22.49,29.99,True,,23168115270,,,,,,,,,,,,,,,,,,,,,,
frankie,,,,,,,,Large,,,,,,,shopify,2,deny,manual,22.49,29.99,True,,82686188531,,,,,,,,,,,,,,,,,,,,,,
obi-wan-kenobi,Boys Obi-Wan Kenobi Costume,,Rubie's Costume Co.,Costumes,"costumes, obi-wan, kenobi, lg, ",,Size,Large,,,,,,,shopify,0,deny,manual,22.49,29.99,True,,883028201372,,,,,,,,,,,,,,,,,,,,,,
scarecrow,Boys Scarecrow Costume,,Fun World,Costumes,"costumes, scarecrow, lg, ",,Size,Large,,,,,,,shopify,0,deny,manual,33.74,44.99,True,,71765010924,,,,,,,,,,,,,,,,,,,,,,
batman-dk,,,,,,,,Medium,,,,,,,shopify,2,deny,manual,29.99,39.99,True,,883028310463,,,,,,,,,,,,,,,,,,,,,,
frankie,,,,,,,,Medium,,,,,,,shopify,0,deny,manual,22.49,29.99,True,,400000021713,,,,,,,,,,,,,,,,,,,,,,
obi-wan-kenobi,,,,,,,,Small,,,,,,,shopify,0,deny,manual,22.49,29.99,True,,883028201358,,,,,,,,,,,,,,,,,,,,,,
wolverine,,,,,,,,,,,,,,,shopify,0,deny,manual,26.24,34.99,True,,32692055501,,,,,,,,,,,,,,,,,,,,,,
scarecrow,,,,,,,,Medium,,,,,,,shopify,0,deny,manual,33.74,44.99,True,,71765010917,,,,,,,,,,,,,,,,,,,,,,
batman-kit,,,,,,,,Medium,,,,,,,shopify,0,deny,manual,22.49,29.99,True,,82686048682,,,,,,,,,,,,,,,,,,,,,,
perseus,Boys Perseus Costume,,Rubie's Costume Co.,Costumes,"costumes, perseus, lg, ",,Size,Large,,,,,,,shopify,2,deny,manual,22.49,29.99,True,,883028392377,,,,,,,,,,,,,,,,,,,,,,
wolverine,,,,,,,,,,,,,,,shopify,0,deny,manual,26.24,34.99,True,,32692055563,,,,,,,,,,,,,,,,,,,,,,
street-zombie,Boys Street Zombie Costume,,Fun World,Costumes,"costumes, street, zombie, lg, ",,Size,Large,,,,,,,shopify,0,deny,manual,29.99,39.99,True,,71765038812,,,,,,,,,,,,,,,,,,,,,,
batman-mscl,,,,,,,,Medium,,,,,,,shopify,0,deny,manual,29.99,39.99,True,,883028348268,,,,,,,,,,,,,,,,,,,,,,
perseus,,,,,,,,Medium,,,,,,,shopify,1,deny,manual,22.49,29.99,True,,883028392360,,,,,,,,,,,,,,,,,,,,,,
tombstone-cowboy,Boys Tombstone Cowboy Costume,,Rubie's Costume Co.,Costumes,"costumes, tombstone, cowboy, lg, ",,Size,Large,,,,,,,shopify,2,deny,manual,22.49,29.99,True,,883028323272,,,,,,,,,,,,,,,,,,,,,,
ironhide,Boys Ironhide  Costume,,Disguise Inc.,Costumes,"costumes, ironhide, 10-12, ",,,,,,,,,,shopify,0,deny,manual,37.49,49.99,True,,39897259567,,,,,,,,,,,,,,,,,,,,,,
chief-surgeon,,,,,,,,Large,,,,,,,shopify,5,deny,manual,22.49,29.99,True,,721773669446,,,,,,,,,,,,,,,,,,,,,,
street-zombie,,,,,,,,Medium,,,,,,,shopify,0,deny,manual,29.99,39.99,True,,71765033060,,,,,,,,,,,,,,,,,,,,,,
batman-mus-dl,,,,,,,,Small,,,,,,,shopify,0,deny,manual,29.99,39.99,True,,883028310456,,,,,,,,,,,,,,,,,,,,,,
gangster,,,,,,,,Medium,,,,,,,shopify,2,deny,manual,26.24,34.99,True,,400000269078,,,,,,,,,,,,,,,,,,,,,,
pirate-king,,,,,,,,Large,,,,,,,shopify,0,deny,manual,11.24,14.99,True,,883028104079,,,,,,,,,,,,,,,,,,,,,,
trnslyvn-vampire,Boys Trnslyvn Vampire Costume,,Rubie's Costume Co.,Costumes,"costumes, trnslyvn, vampire, lg, ",,Size,Large,,,,,,,shopify,0,deny,manual,18.74,24.99,True,,883028392179,,,,,,,,,,,,,,,,,,,,,,
ironhide,,,,,,,,,,,,,,,shopify,0,deny,manual,37.49,49.99,True,,39897259550,,,,,,,,,,,,,,,,,,,,,,
raven-ninja,Boys Raven Ninja  Costume,,Disguise Inc.,Costumes,"costumes, raven, ninja, 10-12, ",,,,,,,,,,shopify,0,deny,manual,22.49,29.99,True,,32692053309,,,,,,,,,,,,,,,,,,,,,,
chief-surgeon,,,,,,,,Medium,,,,,,,shopify,0,deny,manual,22.49,29.99,True,,721773669439,,,,,,,,,,,,,,,,,,,,,,
batman-muscle,,,,,,,,Large,,,,,,,shopify,1,deny,manual,29.99,39.99,True,,883028221172,,,,,,,,,,,,,,,,,,,,,,
gangster,,,,,,,,Small,,,,,,,shopify,2,deny,manual,26.24,34.99,True,,400000947020,,,,,,,,,,,,,,,,,,,,,,
policeman,,,,,,,,Small,,,,,,,shopify,1,deny,manual,26.24,34.99,True,,883028211456,,,,,,,,,,,,,,,,,,,,,,
trnslyvn-vampire,,,,,,,,Medium,,,,,,,shopify,0,deny,manual,18.74,24.99,True,,883028392162,,,,,,,,,,,,,,,,,,,,,,
ironhide,,,,,,,,,,,,,,,shopify,0,deny,manual,37.49,49.99,True,,39897259543,,,,,,,,,,,,,,,,,,,,,,
fireman,,,,,,,,Large,,,,,,,shopify,0,deny,manual,29.99,39.99,True,,721773686320,,,,,,,,,,,,,,,,,,,,,,
batman-mus,,,,,,,,Large,,,,,,,shopify,1,deny,manual,29.99,39.99,True,,883028348275,,,,,,,,,,,,,,,,,,,,,,
ghostbusters,,,,,,,,Medium,,,,,,,shopify,0,deny,manual,29.99,39.99,True,,883028432066,,,,,,,,,,,,,,,,,,,,,,
raphael,,,,,,,,Large,,,,,,,shopify,3,deny,manual,19.99,39.99,True,,883028676279,,,,,,,,,,,,,,,,,,,,,,
trnslyvn-vampire,,,,,,,,Small,,,,,,,shopify,0,deny,manual,18.74,24.99,True,,883028392155,,,,,,,,,,,,,,,,,,,,,,
fireman,,,,,,,,Medium,,,,,,,shopify,4,deny,manual,29.99,39.99,True,,721773686313,,,,,,,,,,,,,,,,,,,,,,
robe,,,,,,,,Large,,BLACK,,,,,shopify,4,deny,manual,9.74,12.99,True,,883028191376,,,,,,,,,,,,,,,,,,,,,,
scooby-doo,,,,,,,,Small,,,,,,,shopify,1,deny,manual,41.24,54.99,True,,883028209255,,,,,,,,,,,,,,,,,,,,,,
haunted-child,Boys Haunted Child Costume,,Forum Novelties Inc,Costumes,"costumes, haunted, child, lg, ",,Size,Large,,,,,,,shopify,0,deny,manual,26.24,34.99,True,,721773647376,,,,,,,,,,,,,,,,,,,,,,
greaser,,,,,,,,Medium,,,,,,,shopify,0,deny,manual,20.99,27.99,True,,400000597362,,,,,,,,,,,,,,,,,,,,,,
skeleton,,,,,,,,Large,,,,,,,shopify,2,deny,manual,11.24,14.99,True,,883028190775,,,,,,,,,,,,,,,,,,,,,,
viper-ninja,,,,,,,,,,RED,,,,,shopify,0,deny,manual,29.99,39.99,True,,32692053408,,,,,,,,,,,,,,,,,,,,,,
lil-buccaneer,Boys Lil Buccaneer  Costume,,Forum Novelties Inc,Costumes,"costumes, lil, buccaneer, 4-6, ",,,,,,,,,,shopify,0,deny,manual,11.24,14.99,True,,721773605826,,,,,,,,,,,,,,,,,,,,,,
skeleton,,,,,,,,Medium,,,,,,,shopify,3,deny,manual,11.24,14.99,True,,883028190768,,,,,,,,,,,,,,,,,,,,,,
leonardo,,,,,,,,,,,,,,,shopify,0,deny,manual,24.99,49.99,True,,39897446653,,,,,,,,,,,,,,,,,,,,,,
viper-ninja,,,,,,,,,,RED,,,,,shopify,0,deny,manual,29.99,39.99,True,,32692053460,,,,,,,,,,,,,,,,,,,,,,
pirate-boy,,,,,,,,Large,,,,,,,shopify,0,deny,manual,11.24,14.99,True,,721773270147,,,,,,,,,,,,,,,,,,,,,,
banana-child,,,,,,,,Child,,,,,,,shopify,0,deny,manual,22.49,29.99,True,,791249910204,,,,,,,,,,,,,,,,,,,,,,
robe,,,,,,,,Small,,BLACK,,,,,shopify,2,deny,manual,9.74,12.99,True,,883028191352,,,,,,,,,,,,,,,,,,,,,,
skeleton,,,,,,,,Small,,,,,,,shopify,2,deny,manual,11.24,14.99,True,,883028190751,,,,,,,,,,,,,,,,,,,,,,
bumblebee,Boys Bumblebee  Costume,,Disguise Inc.,Costumes,"costumes, bumblebee, 10-12, ",,Size,Medium,,,,,,,shopify,0,deny,manual,29.99,39.99,True,,32692036708,,,,,,,,,,,,,,,,,,,,,,
lightening-mcqeeen,Boys Lightening Mcqeeen  Costume,,Disguise Inc.,Costumes,"costumes, lightening, mcqeeen, 4-6, ",,Size,Medium,,,,,,,shopify,0,deny,manual,22.49,29.99,True,,32692639367,,,,,,,,,,,,,,,,,,,,,,
retro-robot,Boys Retro Robot  Costume,,Disguise Inc.,Costumes,"costumes, retro, robot, 4-6, ",,,,,,,,,,shopify,0,deny,manual,29.99,39.99,True,,39897394626,,,,,,,,,,,,,,,,,,,,,,
uncle-sam-child,,,,,,,,Large,,,,,,,shopify,3,deny,manual,11.24,14.99,True,,400000505619,,,,,,,,,,,,,,,,,,,,,,
clown,,,,,,,,Small,,,,,,,shopify,0,deny,manual,26.24,34.99,True,,791249961008,,,,,,,,,,,,,,,,,,,,,,
captain,,,,,,,,Medium,,BLACK,,,,,shopify,1,deny,manual,29.99,39.99,True,,883028289660,,,,,,,,,,,,,,,,,,,,,,
special-forces,Boys Special Forces Costume,,Rubie's Costume Co.,Costumes,"costumes, special, forces, lg, ",,Size,Large,,,,,,,shopify,3,deny,manual,26.24,34.99,True,,883028210374,,,,,,,,,,,,,,,,,,,,,,
lt-mcqueen-candy-catcher,Boys Lt Mcqueen Candy Catcher Costume,,Disguise Inc.,Costumes,"costumes, lt, mcqueen, candy, catcher, ",,Size,Medium,,,,,,,shopify,0,deny,manual,29.99,39.99,True,,39897328188,,,,,,,,,,,,,,,,,,,,,,
uncle-sam-child,,,,,,,,Medium,,,,,,,shopify,3,deny,manual,11.24,14.99,True,,721773270949,,,,,,,,,,,,,,,,,,,,,,
french-fries,Boys French Fries  Costume,,Rasta Imposta,Costumes,"costumes, french, fries, 7-10, ",,,,,,,,,,shopify,0,deny,manual,22.49,29.99,True,,791249708375,,,,,,,,,,,,,,,,,,,,,,
cherokee-warrior,,,,,,,,Small,,,,,,,shopify,0,deny,manual,12.74,16.99,True,,883028105151,,,,,,,,,,,,,,,,,,,,,,
hidden-face-robe,Boys Hidden Face Robe Costume,,Rubie's Costume Co.,Costumes,"costumes, hidden, face, robe, lg, ",,Size,Large,,,,,,,shopify,2,deny,manual,11.99,15.99,True,,883028105472,,,,,,,,,,,,,,,,,,,,,,
special-forces,,,,,,,,Medium,,,,,,,shopify,3,deny,manual,26.24,34.99,True,,883028210367,,,,,,,,,,,,,,,,,,,,,,
uncle-sam,,,,,,,,Large,,,,,,,shopify,0,deny,manual,11.24,14.99,True,,721773270956,,,,,,,,,,,,,,,,,,,,,,
ketchup-child,Boys Ketchup Child Costume,,Rasta Imposta,Costumes,"costumes, ketchup, child, ",,Size,Child,,,,,,,shopify,0,deny,manual,22.49,29.99,True,,791249009755,,,,,,,,,,,,,,,,,,,,,,
hidden-face-robe,,,,,,,,Medium,,,,,,,shopify,1,deny,manual,11.99,15.99,True,,883028105465,,,,,,,,,,,,,,,,,,,,,,
spongebob,Boys Spongebob Costume,,Rubie's Costume Co.,Costumes,"costumes, spongebob, lg, ",,Size,Large,,,,,,,shopify,1,deny,manual,22.49,29.99,True,,883028317677,,,,,,,,,,,,,,,,,,,,,,
zombie-boy,,,,,,,,Medium,,,,,,,shopify,1,deny,manual,22.49,29.99,True,,721773669408,,,,,,,,,,,,,,,,,,,,,,
mustard-child,Boys Mustard Child Costume,,Rasta Imposta,Costumes,"costumes, mustard, child, ",,Size,Medium,,,,,,,shopify,0,deny,manual,22.49,29.99,True,,791249229764,,,,,,,,,,,,,,,,,,,,,,
clone-troop-rex,,,,,,,,Medium,,,,,,,shopify,0,deny,manual,44.99,59.99,True,,883028320165,,,,,,,,,,,,,,,,,,,,,,
indiana-jones,,,,,,,,Small,,,,,,,shopify,1,deny,manual,26.24,34.99,True,,883028312658,,,,,,,,,,,,,,,,,,,,,,
super-why,Boys Super Why  Costume,,Disguise Inc.,Costumes,"costumes, super, why, 4-6, ",,,,,,,,,,shopify,0,deny,manual,22.49,29.99,True,,36292720562,,,,,,,,,,,,,,,,,,,,,,
zombie-boy,,,,,,,,Small,,,,,,,shopify,2,deny,manual,22.49,29.99,True,,721773669392,,,,,,,,,,,,,,,,,,,,,,
pizza-child,Boys Pizza Child Costume,,Rasta Imposta,Costumes,"costumes, pizza, child, ",,Size,Child,,,,,,,shopify,0,deny,manual,22.49,29.99,True,,791249910501,,,,,,,,,,,,,,,,,,,,,,
clone-trooper-rex,,,,,,,,Large,,,,,,,shopify,1,deny,manual,22.49,29.99,True,,883028320073,,,,,,,,,,,,,,,,,,,,,,
leonardo,,,,,,,,Large,,,,,,,shopify,3,deny,manual,19.99,39.99,True,,883028676071,,,,,,,,,,,,,,,,,,,,,,
spongebob,,,,,,,,Medium,,,,,,,shopify,1,deny,manual,22.49,29.99,True,,883028317660,,,,,,,,,,,,,,,,,,,,,,
thomas-candy-catcher,Boys Thomas Candy Catcher Costume,,Disguise Inc.,Costumes,"costumes, thomas, candy, catcher, ",,Size,Medium,,,,,,,shopify,0,deny,manual,26.24,34.99,True,,32692591351,,,,,,,,,,,,,,,,,,,,,,
brave-crusader,,,,,,,,Small,,,,,,,shopify,1,deny,manual,26.24,34.99,True,,809801723787,,,,,,,,,,,,,,,,,,,,,,
skittles,Boys Skittles  Costume,,Rasta Imposta,Costumes,"costumes, skittles, 7-10, ",,,,,,,,,,shopify,0,deny,manual,26.24,34.99,True,,791249406103,,,,,,,,,,,,,,,,,,,,,,
clone-trooper-rex,,,,,,,,Small,,,,,,,shopify,0,deny,manual,44.99,59.99,True,,883028320158,,,,,,,,,,,,,,,,,,,,,,
thomas-tank-child,,,,,,,,Medium,,,,,,,shopify,0,deny,manual,22.49,29.99,True,,32692507956,,,,,,,,,,,,,,,,,,,,,,
police-officer,,,,,,,,Medium,,,,,,,shopify,2,deny,manual,22.49,29.99,True,,809801707831,,,,,,,,,,,,,,,,,,,,,,
tic-tac-toe-board,Boys Tic Tac Toe Board  Costume,,Rasta Imposta,Costumes,"costumes, tic, tac, toe, board, 7-10, ",,,,,,,,,,shopify,0,deny,manual,26.24,34.99,True,,791249918408,,,,,,,,,,,,,,,,,,,,,,
clone-trpr-rex,,,,,,,,Large,,,,,,,shopify,0,deny,manual,44.99,59.99,True,,883028320172,,,,,,,,,,,,,,,,,,,,,,
spongebob,,,,,,,,Small,,,,,,,shopify,0,deny,manual,22.49,29.99,True,,883028317653,,,,,,,,,,,,,,,,,,,,,,
scary-bones,,,,,,,,Large,,,,,,,shopify,0,deny,manual,24.74,32.99,True,,809801706391,,,,,,,,,,,,,,,,,,,,,,
twix,Boys Twix  Costume,,Rasta Imposta,Costumes,"costumes, twix, 7-10, ",,,,,,,,,,shopify,0,deny,manual,26.24,34.99,True,,791249407704,,,,,,,,,,,,,,,,,,,,,,
cool-ghoul,,,,,,,,Medium,,,,,,,shopify,0,deny,manual,12.74,16.99,True,,883028103669,,,,,,,,,,,,,,,,,,,,,,
scary-bones,,,,,,,,Small,,,,,,,shopify,0,deny,manual,24.74,32.99,True,,809801706377,,,,,,,,,,,,,,,,,,,,,,
whoopie-cushion-child,Boys Whoopie Cushion Child Costume,,Rasta Imposta,Costumes,"costumes, whoopie, cushion, child, ",,Size,Child,,,,,,,shopify,0,deny,manual,22.49,29.99,True,,791249914608,,,,,,,,,,,,,,,,,,,,,,
minion-dave,,,,,,,,Small,,,,,,,shopify,0,deny,manual,22.49,29.99,True,,883028418152,,,,,,,,,,,,,,,,,,,,,,
silver-cobra-ninja,Boys Silver Cobra Ninja Costume,,Amscan,Costumes,"costumes, silver, cobra, ninja, lg, ",,Size,Large,,,,,,,shopify,0,deny,manual,18.74,24.99,True,,809801722469,,,,,,,,,,,,,,,,,,,,,,
coward-lion,Boys Coward Lion Costume,,Rubie's Costume Co.,Costumes,"costumes, coward, lion, sm, ",,Size,Small,,,,,,,shopify,0,deny,manual,26.24,34.99,True,,883028250554,,,,,,,,,,,,,,,,,,,,,,
swat-police,,,,,,,,Small,,,,,,,shopify,2,deny,manual,26.24,34.99,True,,883028281350,,,,,,,,,,,,,,,,,,,,,,
warrior-ninja,Boys Warrior Ninja Costume,,Amscan,Costumes,"costumes, warrior, ninja, lg, ",,Size,Large,,,,,,,shopify,3,deny,manual,17.24,22.99,True,,809801703024,,,,,,,,,,,,,,,,,,,,,,
darth-vader,,,,,,,,Large,,,,,,,shopify,2,deny,manual,37.49,49.99,True,,883028201471,,,,,,,,,,,,,,,,,,,,,,
native-warrior,,,,,,,,Large,,,,,,,shopify,1,deny,manual,11.24,14.99,True,,883028192878,,,,,,,,,,,,,,,,,,,,,,
swat-team,,,,,,,,Medium,,,,,,,shopify,0,deny,manual,22.49,29.99,True,,883028208661,,,,,,,,,,,,,,,,,,,,,,
duke,Boys Duke  Costume,,Disguise Inc.,Costumes,"costumes, duke, 10-12, ",,,,,,,,,,shopify,0,deny,manual,22.49,29.99,True,,32692037002,,,,,,,,,,,,,,,,,,,,,,
mib,Boys Mib   Costume,,Disguise Inc.,Costumes,"costumes, mib, 3, 10-12, ",,Size,Medium,,,,,,,shopify,0,deny,manual,22.49,29.99,True,,39897403670,,,,,,,,,,,,,,,,,,,,,,
warrior-ninja,,,,,,,,Medium,,,,,,,shopify,0,deny,manual,17.24,22.99,True,,809801703031,,,,,,,,,,,,,,,,,,,,,,
darth-vader,,,,,,,,Medium,,,,,,,shopify,1,deny,manual,37.49,49.99,True,,883028201464,,,,,,,,,,,,,,,,,,,,,,
native-warrior,,,,,,,,Medium,,,,,,,shopify,5,deny,manual,11.24,14.99,True,,883028192861,,,,,,,,,,,,,,,,,,,,,,
duke,Boys Duke  Costume,,Disguise Inc.,Costumes,"costumes, duke, 4-6, ",,,,,,,,,,shopify,0,deny,manual,22.49,29.99,True,,32692037064,,,,,,,,,,,,,,,,,,,,,,
mike-candy-catcher,Boys Mike Candy Catcher Costume,,Disguise Inc.,Costumes,"costumes, mike, candy, catcher, ",,Size,Medium,,,,,,,shopify,2,deny,manual,26.24,34.99,True,,32692558354,,,,,,,,,,,,,,,,,,,,,,
warrior-ninja,,,,,,,,Small,,,,,,,shopify,3,deny,manual,17.24,22.99,True,,809801703048,,,,,,,,,,,,,,,,,,,,,,
homie-boy-adult,Boys Homie Boy Adult Costume,,Forum Novelties Inc,Costumes,"costumes, homie, boy, adult, ",,Size,Medium,,,,,,,shopify,0,deny,manual,29.99,39.99,True,,721773643743,,,,,,,,,,,,,,,,,,,,,,
mustard,,,,,,,,Medium,,,,,,,shopify,0,deny,manual,22.49,29.99,True,,791249009762,,,,,,,,,,,,,,,,,,,,,,
olaf,Boys Olaf  Costume,,Disguise Inc.,Costumes,"costumes, olaf, 4-6, ",,,,,,,,,,shopify,0,deny,manual,41.24,54.99,True,,39897846583,,,,,,,,,,,,,,,,,,,,,,
black-terror-robe---child,Boys Black Terror Robe - Child Costume,,Amscan,Costumes,"costumes, black, terror, robe, -, child, ",,,O/S,,,,,,,shopify,3,deny,manual,14.99,19.99,True,,809801703857,,,,,,,,,,,,,,,,,,,,,,
superman-w/muscle,,,,,,,,Medium,,,,,,,shopify,4,deny,manual,29.99,39.99,True,,883028262663,,,,,,,,,,,,,,,,,,,,,,
super-mario,,,,,,,,Small,,,,,,,shopify,1,deny,manual,32.24,42.99,True,,39897678207,,,,,,,,,,,,,,,,,,,,,,
super-mario,,,,,,,,Medium,,,,,,,shopify,1,deny,manual,32.24,42.99,True,,39897678191,,,,,,,,,,,,,,,,,,,,,,
super-mario,,,,,,,,Large,,,,,,,shopify,1,deny,manual,32.24,42.99,True,,39897678214,,,,,,,,,,,,,,,,,,,,,,
nemo,Boys Nemo  Costume,,Disguise Inc.,Costumes,"costumes, nemo, s/p, (4-6), ",,Size,4-6,,,,,,,shopify,0,deny,manual,29.99,39.99,True,,39897383378,,,,,,,,,,,,,,,,,,,,,,
bumblebee,,,,,,,,Small,,,,,,,shopify,1,deny,manual,20.99,27.99,True,,39897735146,,,,,,,,,,,,,,,,,,,,,,
bumblebee,,,,,,,,Medium,,,,,,,shopify,0,deny,manual,20.99,27.99,True,,39897735122,,,,,,,,,,,,,,,,,,,,,,
ranger-dino-charge,Boys Ranger Dino Charge Costume,,Disguise Inc.,Costumes,"costumes, blue, ranger, dino, charge, sm, ",,Size,Small,Color,BLUE,,,,,shopify,1,deny,manual,29.99,39.99,True,,39897827810,,,,,,,,,,,,,,,,,,,,,,
ranger-dino-charge,,,,,,,,Medium,,BLUE,,,,,shopify,0,deny,manual,29.99,39.99,True,,39897827803,,,,,,,,,,,,,,,,,,,,,,
ranger-dino-charge,,,,,,,,Medium,,BLACK,,,,,shopify,1,deny,manual,29.99,39.99,True,,39897827865,,,,,,,,,,,,,,,,,,,,,,
ranger-dino-charge,,,,,,,,Small,,BLACK,,,,,shopify,2,deny,manual,29.99,39.99,True,,39897827872,,,,,,,,,,,,,,,,,,,,,,
ranger-dino-charge,Boys Ranger Dino Charge Costume,,Disguise Inc.,Costumes,"costumes, red, ranger, dino, charge, m, ",,Size,Medium,Color,RED,,,,,shopify,0,deny,manual,29.99,39.99,True,,39897827735,,,,,,,,,,,,,,,,,,,,,,
captain-america-mscl,,,,,,,,Small,,,,,,,shopify,1,deny,manual,29.99,39.99,True,,883028045341,,,,,,,,,,,,,,,,,,,,,,
captain-america,,,,,,,,Medium,,,,,,,shopify,0,deny,manual,24.74,32.99,True,,883028045327,,,,,,,,,,,,,,,,,,,,,,
captain-america-l,,,,,,,,Medium,,,,,,,shopify,2,deny,manual,24.74,32.99,True,,883028045334,,,,,,,,,,,,,,,,,,,,,,
gold-ranger-dino-charge,Boys Gold Ranger Dino Charge Costume,,Disguise Inc.,Costumes,"costumes, gold, ranger, dino, charge, m, ",,Size,Medium,,,,,,,shopify,2,deny,manual,29.99,39.99,True,,39897827438,,,,,,,,,,,,,,,,,,,,,,
gold-ranger-dino-charge-l,,,,,,,,,,,,,,,shopify,1,deny,manual,29.99,39.99,True,,39897827919,,,,,,,,,,,,,,,,,,,,,,
hulk,Boys Hulk Costume,,Rubie's Costume Co.,Costumes,"costumes, hulk, sm, ",,Size,Small,,,,,,,shopify,2,deny,manual,29.99,39.99,True,,883028045624,,,,,,,,,,,,,,,,,,,,,,
hulk,Boys Hulk Costume,,Rubie's Costume Co.,Costumes,"costumes, hulk, m, ",,Size,Medium,,,,,,,shopify,2,deny,manual,29.99,39.99,True,,883028045631,,,,,,,,,,,,,,,,,,,,,,
hulk,Boys Hulk Costume,,Rubie's Costume Co.,Costumes,"costumes, hulk, lg, ",,Size,Large,,,,,,,shopify,0,deny,manual,29.99,39.99,True,,883028045648,,,,,,,,,,,,,,,,,,,,,,
thor,Boys Thor Costume,,Rubie's Costume Co.,Costumes,"costumes, thor, m, ",,Size,Medium,,,,,,,shopify,2,deny,manual,29.99,39.99,True,,883028045921,,,,,,,,,,,,,,,,,,,,,,
thor,Boys Thor Costume,,Rubie's Costume Co.,Costumes,"costumes, thor, lg, ",,Size,Large,,,,,,,shopify,0,deny,manual,29.99,39.99,True,,883028045938,,,,,,,,,,,,,,,,,,,,,,
cool-cowboy,Boys Cool Cowboy Costume,,Amscan,Costumes,"costumes, cool, cowboy, m, ",,Size,Medium,,,,,,,shopify,3,deny,manual,24.74,32.99,True,,809801723800,,,,,,,,,,,,,,,,,,,,,,
cool-cowboy,,,,,,,,Small,,,,,,,shopify,3,deny,manual,24.74,32.99,True,,809801723817,,,,,,,,,,,,,,,,,,,,,,
cool-cowboy,,,,,,,,Large,,,,,,,shopify,3,deny,manual,24.74,32.99,True,,809801723794,,,,,,,,,,,,,,,,,,,,,,
navy-seal,Boys Navy Seal Costume,,Leg Avenue Inc.,Costumes,"costumes, navy, seal, med, ",,Size,Medium,,,,,,,shopify,1,deny,manual,33.74,44.99,True,,71765032100,,,,,,,,,,,,,,,,,,,,,,
navy-seal,,,,,,,,Large,,,,,,,shopify,1,deny,manual,33.74,44.99,True,,71765032117,,,,,,,,,,,,,,,,,,,,,,
howling-wolf-ninja,,,,,,,,Medium,,,,,,,shopify,4,deny,manual,29.99,39.99,True,,809801749473,,,,,,,,,,,,,,,,,,,,,,
howling-wolf-ninja,,,,,,,,Large,,,,,,,shopify,3,deny,manual,29.99,39.99,True,,809801749541,,,,,,,,,,,,,,,,,,,,,,
chuckle-king,Boys Chuckle King Costume,,Rubie's Costume Co.,Costumes,"costumes, chuckle, king, sm, ",,Size,Small,,,,,,,shopify,1,deny,manual,12.74,16.99,True,,883028105953,,,,,,,,,,,,,,,,,,,,,,
bamax,Boys Bamax  Costume,,Disguise Inc.,Costumes,"costumes, bamax, med, , 6-10, ",,Size,Medium,,,,,,,shopify,3,deny,manual,32.24,42.99,True,,39897918273,,,,,,,,,,,,,,,,,,,,,,
luigi,Boys Luigi Costume,,Disguise Inc.,Costumes,"costumes, luigi, med, ",,Size,Medium,,,,,,,shopify,2,deny,manual,32.24,42.99,True,,39897678221,,,,,,,,,,,,,,,,,,,,,,
captain-america-mscl,,,,,,,,Large,,,,,,,shopify,2,deny,manual,29.99,39.99,True,,883028045402,,,,,,,,,,,,,,,,,,,,,,
captain-america-mscl,,,,,,,,Medium,,,,,,,shopify,3,deny,manual,29.99,39.99,True,,883028045358,,,,,,,,,,,,,,,,,,,,,,
iron-man,Boys Iron Man Costume,,Rubie's Costume Co.,Costumes,"costumes, iron, man, med, ",,Size,Medium,,,,,,,shopify,0,deny,manual,29.99,39.99,True,,883028046140,,,,,,,,,,,,,,,,,,,,,,
iron-man,,,,,,,,Large,,,,,,,shopify,2,deny,manual,29.99,39.99,True,,883028046157,,,,,,,,,,,,,,,,,,,,,,
iron-man,,,,,,,,Small,,,,,,,shopify,2,deny,manual,29.99,39.99,True,,883028046133,,,,,,,,,,,,,,,,,,,,,,
iron-man,,,,,,,,Medium,,,,,,,shopify,3,deny,manual,29.99,39.99,True,,,,,,,,,,,,,,,,,,,,,,,,
hulk-eco,,,,,,,,Medium,,,,,,,shopify,1,deny,manual,22.49,29.99,True,,883028045600,,,,,,,,,,,,,,,,,,,,,,
hulk-eco,,,,,,,,Large,,,,,,,shopify,1,deny,manual,22.49,29.99,True,,883028045617,,,,,,,,,,,,,,,,,,,,,,
bamax-child-std,,,,,,,,Medium,,,,,,,shopify,4,deny,manual,41.24,54.99,True,,39897909219,,,,,,,,,,,,,,,,,,,,,,
ranger-dino-charge-t,,,,,,,,,,RED,,,,,shopify,2,deny,manual,29.99,39.99,True,,39897827407,,,,,,,,,,,,,,,,,,,,,,
doctor-child,,,,,,,,Child,,,,,,,shopify,3,deny,manual,22.49,29.99,True,,809801707749,,,,,,,,,,,,,,,,,,,,,,
sideshow-psycho,Boys Sideshow Psycho  Costume,,Amscan,Costumes,"costumes, sideshow, psycho, xl, 14-16, ",,Size,Extra Large,,,,,,,shopify,3,deny,manual,35.99,47.99,True,,809801709217,,,,,,,,,,,,,,,,,,,,,,
sideshow-psycho,,,,,,,,Large,,,,,,,shopify,1,deny,manual,35.99,47.99,True,,809801709231,,,,,,,,,,,,,,,,,,,,,,
sideshow-psycho,,,,,,,,Medium,,,,,,,shopify,1,deny,manual,35.99,47.99,True,,809801709224,,,,,,,,,,,,,,,,,,,,,,
captain-america-shirt/mask,,,,,,,,Medium,,,,,,,shopify,0,deny,manual,18.74,24.99,True,,883028045426,,,,,,,,,,,,,,,,,,,,,,
amazing-spiderman,Boys Amazing Spiderman  Costume,,Disguise Inc.,Costumes,"costumes, amazing, spiderman, lg, 12-14, ",,Size,Large,,,,,,,shopify,0,deny,manual,22.49,29.99,True,,883028060375,,,,,,,,,,,,,,,,,,,,,,
amazing-spiderman,,,,,,,,Small,,,,,,,shopify,2,deny,manual,22.49,29.99,True,,883028060351,,,,,,,,,,,,,,,,,,,,,,
amazing-spiderman,,,,,,,,Medium,,,,,,,shopify,3,deny,manual,22.49,29.99,True,,883028060368,,,,,,,,,,,,,,,,,,,,,,
ultimate-spiderman-reverse,Boys Ultimate Spiderman Reverse Costume,,Disguise Inc.,Costumes,"costumes, ultimate, spiderman, reverse, sm, ",,Size,Small,,,,,,,shopify,0,deny,manual,29.99,39.99,True,,883028060252,,,,,,,,,,,,,,,,,,,,,,
ultimate-spiderman-reverse,,,,,,,,Large,,,,,,,shopify,1,deny,manual,29.99,39.99,True,,883028060276,,,,,,,,,,,,,,,,,,,,,,
captain-america-shirt/mask,,,,,,,,Large,,,,,,,shopify,1,deny,manual,18.74,24.99,True,,883028045433,,,,,,,,,,,,,,,,,,,,,,
flametrooper,Boys Flametrooper Costume,,Rubie's Costume Co.,Costumes,"costumes, flametrooper, lg, ",,Size,Large,,,,,,,shopify,0,deny,manual,26.24,34.99,True,,883028090136,,,,,,,,,,,,,,,,,,,,,,
flametrooper,,,,,,,,Small,,,,,,,shopify,2,deny,manual,26.24,34.99,True,,883028090112,,,,,,,,,,,,,,,,,,,,,,
stormtrooper,Boys Stormtrooper Costume,,Rubie's Costume Co.,Costumes,"costumes, stormtrooper, med, ",,Size,Medium,,,,,,,shopify,0,deny,manual,26.24,34.99,True,,883028090181,,,,,,,,,,,,,,,,,,,,,,
stormtrooper,,,,,,,,Large,,,,,,,shopify,0,deny,manual,26.24,34.99,True,,883028090198,,,,,,,,,,,,,,,,,,,,,,
kylo-ren,Boys Kylo Ren Costume,,Rubie's Costume Co.,Costumes,"costumes, kylo, ren, sm, ",,Size,Small,,,,,,,shopify,2,deny,manual,26.24,34.99,True,,883028090020,,,,,,,,,,,,,,,,,,,,,,
stormtrooper,,,,,,,,Small,,,,,,,shopify,0,deny,manual,26.24,34.99,True,,883028090143,,,,,,,,,,,,,,,,,,,,,,
kylo-ren,,,,,,,,Large,,,,,,,shopify,0,deny,manual,26.24,34.99,True,,883028090044,,,,,,,,,,,,,,,,,,,,,,
finn,Boys Finn Costume,,Rubie's Costume Co.,Costumes,"costumes, finn, med, dlx, ",,Size,Medium,,,,,,,shopify,1,deny,manual,33.24,42.99,True,,883028090228,,,,,,,,,,,,,,,,,,,,,,
finn,Boys Finn Costume,,Rubie's Costume Co.,Costumes,"costumes, finn, sm, ",,Size,Small,,,,,,,shopify,2,deny,manual,26.24,34.99,True,,883028089932,,,,,,,,,,,,,,,,,,,,,,
stormtrooper,,,,,,,,Medium,,,,,,,shopify,0,deny,manual,33.24,42.99,True,,883028105199,,,,,,,,,,,,,,,,,,,,,,
captain-phasma,,,,,,,,Small,,,,,,,shopify,1,deny,manual,26.24,34.99,True,,883028090099,,,,,,,,,,,,,,,,,,,,,,
woody-toy-story-x,Boys Woody Toy Story X Costume,,Disguise Inc.,Costumes,"costumes, woody, toy, story, 4-6x, ",,,,,,,,,,shopify,1,deny,manual,22.49,29.99,True,,32692523161,,,,,,,,,,,,,,,,,,,,,,
woody-toy-story-t,,,,,,,,T,,,,,,,shopify,0,deny,manual,22.49,29.99,True,,32692523154,,,,,,,,,,,,,,,,,,,,,,
jake,Boys Jake  Costume,,Amscan,Costumes,"costumes, jake, dlx, (4-6x), ",,Size,4-6x,,,,,,,shopify,3,deny,manual,29.99,39.99,True,,809801764964,,,,,,,,,,,,,,,,,,,,,,
bloody-face-off-teen,Boys Bloody Face-Off Teen Costume,,Amscan,Costumes,"costumes, bloody, face-off, xl, teen, ",,Size,Extra Large,,,,,,,shopify,3,deny,manual,24.74,32.99,True,,809801749725,,,,,,,,,,,,,,,,,,,,,,
hot-diggity-dog-yrs,Boys Hot Diggity Dog Yrs Costume,,Amscan,Costumes,"costumes, hot, diggity, dog, 7-10yrs, ",,, Yrs,,,,,,,shopify,2,deny,manual,22.49,32.99,True,,809801745406,,,,,,,,,,,,,,,,,,,,,,
goin'-bananas-yrs,Boys Goin' Bananas Yrs Costume,,Amscan,Costumes,"costumes, goin', bananas, 7-10yrs, ",,, Yrs,,,,,,,shopify,6,deny,manual,22.49,29.99,True,,809801745383,,,,,,,,,,,,,,,,,,,,,,
inflatable-sumo-child,,,,,,,,Medium,,,,,,,shopify,0,deny,manual,29.99,39.99,True,,82686389051,,,,,,,,,,,,,,,,,,,,,,
finn,,,,,,,,Small,,,,,,,shopify,1,deny,manual,33.24,42.99,True,,883028090211,,,,,,,,,,,,,,,,,,,,,,
hungry-howler,Boys Hungry Howler Costume,,Amscan,Costumes,"costumes, hungry, howler, large, ",,Size,Large,,,,,,,shopify,2,deny,manual,29.99,48.15,True,,809801749619,,,,,,,,,,,,,,,,,,,,,,
hungry-howler,,,,,,,,Medium,,,,,,,shopify,1,deny,manual,29.99,48.15,True,,809801749480,,,,,,,,,,,,,,,,,,,,,,
rabid-werewolf,Boys Rabid Werewolf Costume,,Amscan,Costumes,"costumes, rabid, werewolf, med, ",,Size,Medium,,,,,,,shopify,3,deny,manual,32.99,55,True,,809801749657,,,,,,,,,,,,,,,,,,,,,,
rabid-werewolf,,,,,,,,Large,,,,,,,shopify,3,deny,manual,32.99,55,True,,809801749640,,,,,,,,,,,,,,,,,,,,,,
hungry-howler-x-large,,,,,,,,Large,,,,,,,shopify,3,deny,manual,29.99,48.15,True,,809801749572,,,,,,,,,,,,,,,,,,,,,,
rabid-werewolf,,,,,,,,Extra Large,,,,,,,shopify,2,deny,manual,32.99,55,True,,809801749695,,,,,,,,,,,,,,,,,,,,,,
kylo-ren,,,,,,,,Large,,,,,,,shopify,0,deny,manual,29.99,39.99,True,,883028090297,,,,,,,,,,,,,,,,,,,,,,
kylo-ren,,,,,,,,Small,,,,,,,shopify,0,deny,manual,29.99,39.99,True,,883028090273,,,,,,,,,,,,,,,,,,,,,,
kylo-ren,,,,,,,,Medium,,,,,,,shopify,0,deny,manual,29.99,39.99,True,,883028090280,,,,,,,,,,,,,,,,,,,,,,
kylo-ren,,,,,,,,Medium,,,,,,,shopify,0,deny,manual,26.24,34.99,True,,883028090037,,,,,,,,,,,,,,,,,,,,,,
captain-america,,,,,,,,Small,,,,,,,shopify,0,deny,manual,24.74,32.99,True,,883028045310,,,,,,,,,,,,,,,,,,,,,,
