Item Number,Item Name,Item Description,Brief Description,Attribute,Size,Regular Price,MSRP,UPC,Department Name,Vendor Name,Qty 1,Custom Field 1,Custom Field 3,Tags
21406,WEDNESDAY LG,WEDNESDAY LG,,GIRLS,LARGE,18.7425,24.99,883028263172,COSTUMES,RUBIE'S COSTUME CO.,0,882631,each,
21683,RASCAL RACCOON MED,RASCAL RACCOON MED,,GIRLS,MEDIUM,28.4925,37.99,714718466057,COSTUMES,LEG AVENUE INC.,0,C48173,each,
21529,COWGIRL MED,COWGIRL MED,,GIRLS,MEDIUM,20.9925,27.99,788677062360,COSTUMES,FUN WORLD,0,112932,each,
21685,RASCAL RACCOON SM,RASCAL RACCOON SM,,GIRLS,SMALL,28.4925,37.99,714718466040,COSTUMES,LEG AVENUE INC.,0,C48173,each,
21412,WITCH SM,WITCH SM,,GIRLS,SMALL,11.9925,15.99,883028101153,COSTUMES,RUBIE'S COSTUME CO.,2,881011,each,
21530,COWGIRL LG,COWGIRL LG,,GIRLS,LARGE,20.9925,27.99,788677098635,COSTUMES,FUN WORLD,0,112932,each,
21686,ROCKSTAR 80's LG,ROCKSTAR 80's LG,,GIRLS,LARGE,22.4925,29.99,714718436869,COSTUMES,LEG AVENUE INC.,0,C48138,each,
21494,MONSTER BRIDE MED,MONSTER BRIDE MED,,GIRLS,MEDIUM,29.9925,39.99,71765035187,COSTUMES,FUN WORLD,0,121322,each,
21531,COWGIRL SM,COWGIRL SM,,GIRLS,SMALL,20.9925,27.99,788677055959,COSTUMES,FUN WORLD,0,112932,each,
21687,ROCKSTAR 80's MED,ROCKSTAR 80's MED,,GIRLS,MEDIUM,22.4925,29.99,714718436852,COSTUMES,LEG AVENUE INC.,0,C48138,each,
21495,MONSTER BRIDE LG,MONSTER BRIDE LG,,GIRLS,LARGE,29.9925,39.99,71765035194,COSTUMES,FUN WORLD,0,121322,each,
21688,SCARY SKELETON LG,SCARY SKELETON LG,,GIRLS,LARGE,26.2425,34.99,714718467498,COSTUMES,LEG AVENUE INC.,0,C48197,each,
21690,SCARY SKELETON MED,SCARY SKELETON MED,,GIRLS,MEDIUM,26.2425,34.99,714718465814,COSTUMES,LEG AVENUE INC.,0,C48197,each,
21498,DRAGON NINJA LG,DRAGON NINJA LG,,GIRLS,LARGE,20.9925,27.99,71765039772,COSTUMES,FUN WORLD,0,118522,each,
21536,LOVELY LADYBUG MED,LOVELY LADYBUG MED,,GIRLS,MEDIUM,29.9925,39.99,71765004169,COSTUMES,FUN WORLD,0,120072,each,
21588,TINKERBELL 10-12,TINKERBELL 10-12,,GIRLS,10-12,26.2425,34.99,39897591186,COSTUMES,DISGUISE INC.,0,59115G,each,
21656,IGLOO CUTIE MED,IGLOO CUTIE MED,,GIRLS,MEDIUM,37.4925,49.99,714718436883,COSTUMES,LEG AVENUE INC.,0,C48152,each,
21691,SCARY SKELETON SM,SCARY SKELETON SM,,GIRLS,SMALL,26.2425,34.99,714718465807,COSTUMES,LEG AVENUE INC.,0,C48197,each,
21717,FEELIN GROOVY MED,FEELIN GROOVY MED,,GIRLS,MEDIUM,22.4925,29.99,71765011297,COSTUMES,FUN WORLD,0,120252,each,
21589,TINKERBELL 4-6,TINKERBELL 4-6,,GIRLS,4-6,22.4925,29.99,32692596561,COSTUMES,DISGUISE INC.,0,5965L,each,
21657,IGLOO CUTIE SM,IGLOO CUTIE SM,,GIRLS,SMALL,37.4925,49.99,714718436876,COSTUMES,LEG AVENUE INC.,0,C48152,each,
21692,LIL' RED RIDING LG,LIL' RED RIDING LG,,GIRLS,LARGE,26.2425,34.99,809801724081,COSTUMES,AMSCAN,1,841050,each,
21718,FEELIN GROOVY SM,FEELIN GROOVY SM,,GIRLS,SMALL,22.4925,29.99,71765011280,COSTUMES,FUN WORLD,0,120252,each,
21590,TINKERBELL DLX 4-6,TINKERBELL DLX 4-6,,GIRLS,4-6,26.2425,34.99,39897591018,COSTUMES,DISGUISE INC.,0,59100L,each,
21658,KANDY KORN WITCH LG,KANDY KORN WITCH LG,,GIRLS,LARGE,22.4925,29.99,714718411224,COSTUMES,LEG AVENUE INC.,0,C48105,each,
21693,LIL' RED RIDING SM,LIL' RED RIDING SM,,GIRLS,SMALL,26.2425,34.99,809801724104,COSTUMES,AMSCAN,2,841052,each,
21719,FUNKIE FRANKIE SM,FUNKIE FRANKIE SM,,GIRLS,SMALL,32.2425,42.99,71765043939,COSTUMES,FUN WORLD,0,119522,each,
21470,DRAGON NINJA MED,DRAGON NINJA MED,,GIRLS,MEDIUM,20.9925,27.99,71765039765,COSTUMES,FUN WORLD,0,118522,each,
21502,ARMY BRAT SM,ARMY BRAT SM,,GIRLS,SMALL,26.2425,34.99,71765032599,COSTUMES,FUN WORLD,0,112052,each,
21591,STRAWBERRY SWEETIE SM,STRAWBERRY SWEETIE SM,,GIRLS,SMALL,29.9925,39.99,714718465494,COSTUMES,LEG AVENUE INC.,0,C48182,each,
21659,KANDY KORN WITCH MED,KANDY KORN WITCH MED,,GIRLS,MEDIUM,22.4925,29.99,714718411217,COSTUMES,LEG AVENUE INC.,0,C48105,each,
21694,BLUEBELLE FAIRY LG,BLUEBELLE FAIRY LG,,GIRLS,LARGE,33.7425,44.99,71765027489,COSTUMES,FUN WORLD,0,122152,each,
21720,GOLDEN PIRATE MED,GOLDEN PIRATE MED,,GIRLS,MEDIUM,29.9925,39.99,71765001519,COSTUMES,FUN WORLD,0,120602,each,
21503,ARMY BRAT MED,ARMY BRAT MED,,GIRLS,MEDIUM,26.2425,34.99,71765032605,COSTUMES,FUN WORLD,0,112052,each,
21592,AYE AYE CAPT LG 10-12,AYE AYE CAPT LG 10-12,,GIRLS,10-12,22.4925,29.99,714718465456,COSTUMES,LEG AVENUE INC.,0,C48191,each,
21660,KANDY KORN WITCH SM,KANDY KORN WITCH SM,,GIRLS,SMALL,22.4925,29.99,714718411200,COSTUMES,LEG AVENUE INC.,0,C481405,each,
21695,BLUEBELLE FAIRY MED,BLUEBELLE FAIRY MED,,GIRLS,MEDIUM,33.7425,44.99,71765027472,COSTUMES,FUN WORLD,0,122152,each,
21721,GOTH MAIDEN VAMP LG,GOTH MAIDEN VAMP LG,,GIRLS,LARGE,26.2425,34.99,23168259875,COSTUMES,FUN WORLD,1,5987,each,
21428,MERIDA 4-6,MERIDA 4-6,,GIRLS,4-6,24.7425,32.99,39897436012,COSTUMES,DISGUISE INC.,0,43600L,each,
21504,ARMY BRAT LG,ARMY BRAT LG,,GIRLS,LARGE,26.2425,34.99,71765032612,COSTUMES,FUN WORLD,0,112052,each,
21542,FUNKY PUNKY BONES LG,FUNKY PUNKY BONES LG,,GIRLS,LARGE,28.4925,37.99,71765047616,COSTUMES,FUN WORLD,0,112592,each,
21593,AYE AYE CAPT MED 7-10,AYE AYE CAPT MED 7-10,,GIRLS,7-10,22.4925,29.99,714718465449,COSTUMES,LEG AVENUE INC.,0,C48191,each,
21661,LIL' MISS RED LG,LIL' MISS RED LG,,GIRLS,LARGE,24.7425,32.99,714718421834,COSTUMES,LEG AVENUE INC.,1,C48120,each,
21696,BLUEBELLE FAIRY SM,BLUEBELLE FAIRY SM,,GIRLS,SMALL,33.7425,44.99,71765027465,COSTUMES,FUN WORLD,0,122152,each,
21722,GOTH MAIDEN VAMP MED,GOTH MAIDEN VAMP MED,,GIRLS,MEDIUM,26.2425,34.99,23168159878,COSTUMES,FUN WORLD,0,5987,each,
21505,LOVELY LADYBUG LG,LOVELY LADYBUG LG,,GIRLS,LARGE,29.9925,39.99,71765004176,COSTUMES,FUN WORLD,0,120072,each,
21544,FUNKY PUNKY BONES MED,FUNKY PUNKY BONES MED,,GIRLS,MEDIUM,29.9925,39.99,71765047609,COSTUMES,FUN WORLD,0,112592,each,
21595,BUZZY BEE LG,BUZZY BEE LG,,GIRLS,LARGE,26.2425,34.99,714718442778,COSTUMES,LEG AVENUE INC.,0,C48157,each,
21665,LIL' MISS RED MED,LIL' MISS RED MED,,GIRLS,MEDIUM,24.7425,32.99,714718421827,COSTUMES,LEG AVENUE INC.,0,C48120,each,
21697,BOBBY SOXER LG,BOBBY SOXER LG,,GIRLS,LARGE,20.9925,27.99,23168287977,COSTUMES,FUN WORLD,0,8797,each,
21433,MINNIE MOUSE 4-6,MINNIE MOUSE 4-6,,GIRLS,4-6,24.7425,32.99,32692503668,COSTUMES,DISGUISE INC.,2,5036L,each,
21545,FUNKY PUNKY BONES SM,FUNKY PUNKY BONES SM,,GIRLS,SMALL,29.9925,39.99,71765028295,COSTUMES,FUN WORLD,0,112592,each,
21596,BUZZY BEE MED,BUZZY BEE MED,,GIRLS,MEDIUM,26.2425,34.99,714718442761,COSTUMES,LEG AVENUE INC.,0,C48157,each,
21666,LIL' MISS RED SM,LIL' MISS RED SM,,GIRLS,SMALL,24.7425,32.99,714718421810,COSTUMES,LEG AVENUE INC.,1,C48120,each,
21699,BOBBY SOXER MED,BOBBY SOXER MED,,GIRLS,MEDIUM,20.9925,27.99,23168187970,COSTUMES,FUN WORLD,0,8797,each,
21726,GOTH MAIDEN VAMP SM,GOTH MAIDEN VAMP SM,,GIRLS,SMALL,26.2425,34.99,23168059871,COSTUMES,FUN WORLD,1,5987,each,
21434,MINNIE MOUSE 7-8,MINNIE MOUSE 7-8,,GIRLS,7-8,22.4925,29.99,39897189246,COSTUMES,DISGUISE INC.,0,18921K,each,
21507,STITCH WITCH SM,STITCH WITCH SM,,GIRLS,SMALL,29.9925,39.99,23168059888,COSTUMES,FUN WORLD,0,5988,each,
21547,SNOW LEOPARD LG,SNOW LEOPARD LG,,GIRLS,LARGE,37.4925,49.99,71765052559,COSTUMES,FUN WORLD,0,121142,each,
21599,BUZZY BEE SM,BUZZY BEE SM,,GIRLS,SMALL,26.2425,34.99,714718442754,COSTUMES,LEG AVENUE INC.,0,C48157,each,
21667,LITTLE LEOPARD LG,LITTLE LEOPARD LG,,GIRLS,LARGE,28.4925,37.99,714718421292,COSTUMES,LEG AVENUE INC.,1,C48129,each,
21700,BUCCANEER GIRL 4-6,BUCCANEER GIRL 4-6,,GIRLS,4-6,26.2425,34.99,23168058898,COSTUMES,FUN WORLD,0,5889,each,
21727,GOTH MAIDEN WITCH LG,GOTH MAIDEN WITCH LG,,GIRLS,LARGE,26.2425,34.99,23168259998,COSTUMES,FUN WORLD,0,5999,each,
21508,STITCH WITCH LG,STITCH WITCH LG,,GIRLS,LARGE,29.9925,39.99,23168259882,COSTUMES,FUN WORLD,0,5988,each,
21548,SNOW LEOPARD MED,SNOW LEOPARD MED,,GIRLS,MEDIUM,37.4925,49.99,71765052542,COSTUMES,FUN WORLD,0,121142,each,
21601,CIRCUS CLOWN MED,CIRCUS CLOWN MED,,GIRLS,MEDIUM,29.9925,39.99,714718438511,COSTUMES,LEG AVENUE INC.,2,C48153,each,
21668,LITTLE LEOPARD MED,LITTLE LEOPARD MED,,GIRLS,MEDIUM,28.4925,37.99,714718421285,COSTUMES,LEG AVENUE INC.,0,C48129,each,
21701,BUTTERFLY PRINCESS LG,BUTTERFLY PRINCESS LG,,GIRLS,LARGE,33.7425,44.99,71765029414,COSTUMES,FUN WORLD,0,122162,each,
21728,GOTH MAIDEN WITCH MED,GOTH MAIDEN WITCH MED,,GIRLS,MEDIUM,26.2425,34.99,23168159991,COSTUMES,FUN WORLD,0,5999,each,
21742,SPRKNG SPIDERELLA MED,SPRKNG SPIDERELLA MED,,GIRLS,MEDIUM,26.2425,34.99,23168158833,COSTUMES,FUN WORLD,0,5883,each,
18836,POODLE SKIRT CHILD STD,POODLE SKIRT CHILD STD,,GIRLS,CHILD STD,14.9925,19.99,809801720212,COSTUMES,AMSCAN,4,843045,2,
19005,LIL WITCH CHILD LG,LIL WITCH CHILD LG,,GIRLS,LIL WITCH LG,11.2425,14.99,809801702874,COSTUMES,AMSCAN,1,840251,3,
19007,LIL RED RIDING HOOD CHILD MED,LIL RED RIDING HOOD CHILD MED,,GIRLS,LIL RED MED,26.24,34.99,809801724098,COSTUMES,AMSCAN,1,841051,3,
19008,CLEOPATRA CHILD MED,CLEOPATRA CHILD MED,,GIRLS,CLEOPATRA MD,29.9925,39.99,809801707183,COSTUMES,AMSCAN,3,841121,3,
19009,CLEOPATRA CHILD LG,CLEOPATRA CHILD LG,,GIRLS,CLEOPATRA LG,29.9925,39.99,809801707176,COSTUMES,AMSCAN,1,841120,3,
19010,BALLERINA BEE 4-6,BALLERINA BEE 4-6,,GIRLS,BLLRNA BE SM,22.4925,29.99,809801722797,COSTUMES,AMSCAN,3,841854,3,
18960,FOREST PIXIE MED,FOREST PIXIE MED,,GIRLS,MED,17.2425,22.99,82686187572,COSTUMES,RUBIE'S COSTUME CO.,1,18757,each,
18000,PIRATE LASS SM (4-6),PIRATE LASS SM (4-6),,GIRLS,SM 4-6,26.2425,34.99,32692920861,COSTUMES,DISGUISE INC.,1,208L-I,each,
21439,MINNIE MOUSE LG,MINNIE MOUSE LG,,GIRLS,LARGE,33.7425,44.99,39897364759,COSTUMES,DISGUISE INC.,0,36473G,each,
21510,STITCH WITCH MED,STITCH WITCH MED,,GIRLS,MEDIUM,29.9925,39.99,23168159885,COSTUMES,FUN WORLD,0,5988,each,
21602,CIRCUS CLOWN SM,CIRCUS CLOWN SM,,GIRLS,SMALL,29.9925,39.99,714718438504,COSTUMES,LEG AVENUE INC.,1,C48153,each,
21669,LITTLE LEOPARD SM,LITTLE LEOPARD SM,,GIRLS,SMALL,28.4925,37.99,714718421278,COSTUMES,LEG AVENUE INC.,1,C48129,each,
21702,BUTTERFLY PRINCESS MED,BUTTERFLY PRINCESS MED,,GIRLS,MEDIUM,33.7425,44.99,71765029407,COSTUMES,FUN WORLD,0,122162,each,
21729,GREEK GODDESS LG,GREEK GODDESS LG,,GIRLS,LARGE,26.2425,34.99,71765006262,COSTUMES,FUN WORLD,2,110472,each,
21743,SPRKNG SPIDERELLA SM,SPRKNG SPIDERELLA SM,,GIRLS,SMALL,26.2425,34.99,23168058836,COSTUMES,FUN WORLD,0,5883,each,
18003,SOCK MONKEY GIRL LG (10-12),SOCK MONKEY GIRL LG (10-12),,GIRLS,LG 10-12,19.99,34.99,39897383361,COSTUMES,DISGUISE INC.,2,38334G,each,
18030,PINK MINNIE MOUSE SM (4-6X),PINK MINNIE MOUSE SM (4-6X),,GIRLS,SM (4-6X),24.7425,32.99,39897189239,COSTUMES,DISGUISE INC.,0,18921L,each,
18057,CINDERELLA CLASSIC SM (4-6X),CINDERELLA CLASSIC SM (4-6X),,GIRLS,SM 4-6X,19.99,36.99,39897870571,COSTUMES,DISGUISE INC.,2,87057L,each,
18031,RED MINNIE TWEEN LG (10-12),RED MINNIE TWEEN LG (10-12),,GIRLS,LG (10-12),29.9925,39.99,98973647599,COSTUMES,DISGUISE INC.,0,36473G,each,
18058,CINDERELLA CLASSIC MED (7-8),CINDERELLA CLASSIC MED (7-8),,GIRLS,MED 7-8,19.99,36.99,39897870588,COSTUMES,DISGUISE INC.,2,87057K,each,
18007,CHEERLESS LEADER MED (7-8),CHEERLESS LEADER MED (7-8),,GIRLS,MED 7-8,29.9925,39.99,32692280279,COSTUMES,DISGUISE INC.,0,2802K-I,each,
18008,CHEERLESS LEADER LG (10-12),CHEERLESS LEADER LG (10-12),,GIRLS,LG 10-12,29.9925,39.99,32692280200,COSTUMES,DISGUISE INC.,2,2802G-I,each,
18063,ANNA DELUXE SM (4-6X),ANNA DELUXE SM (4-6X),,GIRLS,SM 4-6X,32.2425,42.99,39897570068,COSTUMES,DISGUISE INC.,3,57005L,each,
18144,ANNA CORONATION DLX SM (4-6X),ANNA CORONATION DLX SM (4-6X),,GIRLS,SM 4-6X,32.2425,42.99,39897769097,COSTUMES,DISGUISE INC.,2,76909L,each,
18064,ANNA DELUXE MED (7-8),ANNA DELUXE MED (7-8),,GIRLS,MED 7-8,32.2425,42.99,39897570075,COSTUMES,DISGUISE INC.,5,57005K,each,
18145,ANNA CORONATION DLX MED (7-8),ANNA CORONATION DLX MED (7-8),,GIRLS,MED 7-8,32.2425,42.99,39897769110,COSTUMES,DISGUISE INC.,2,76909K,each,
18066,ELSA DELUXE SM (4-6X),ELSA DELUXE SM (4-6X),,GIRLS,SM 4-6X,32.2425,42.99,39897569994,COSTUMES,DISGUISE INC.,8,56998L,each,
18147,ELSA SNOW QUEEN GOWN SM (4-6X),ELSA SNOW QUEEN GOWN SM (4-6X),,GIRLS,SM 4-6X,24.7425,32.99,39897769066,COSTUMES,DISGUISE INC.,3,76906L,each,
18067,ELSA DELUXE MED (7-8),ELSA DELUXE MED (7-8),,GIRLS,MED 7-8,32.2425,42.99,39897570006,COSTUMES,DISGUISE INC.,2,56998K,each,
18094,SNOW WHITE SPARKLE MED (7-8),SNOW WHITE SPARKLE MED (7-8),,GIRLS,MED 7-8,19.99,32.99,39897591650,COSTUMES,DISGUISE INC.,2,59160K,each,
18148,ELSA SNOW QUEEN GOWN MED (7-8),ELSA SNOW QUEEN GOWN MED (7-8),,GIRLS,MED 7-8,24.7425,32.99,39897769080,COSTUMES,DISGUISE INC.,0,76906K,each,
18049,MERIDA CLASSIC XS (3T-4T),MERIDA CLASSIC XS (3T-4T),,GIRLS,XS 3T-4T,24.7425,32.99,39897436005,COSTUMES,DISGUISE INC.,0,43600M,each,
18076,ARIEL SPARKLE CLASSIC XS(3T-4T),ARIEL SPARKLE CLASSIC XS(3T-4T),,GIRLS,XS 3T-4T,24.7425,32.99,39897591896,COSTUMES,DISGUISE INC.,2,59189M,each,
18050,MERIDA CLASSIC MED (7-8),MERIDA CLASSIC MED (7-8),,GIRLS,MED 7-8,24.7425,32.99,39897436029,COSTUMES,DISGUISE INC.,0,43600K,each,
18077,ARIEL SPARKLE CLASSIC SM (4-6X),ARIEL SPARKLE CLASSIC SM (4-6X),,GIRLS,SM 4-6X,24.7425,32.99,39897591988,COSTUMES,DISGUISE INC.,0,59189L,each,
18078,ARIEL SPARKLE CLASSIC MED (7-8),ARIEL SPARKLE CLASSIC MED (7-8),,GIRLS,MED 7-8,24.7425,32.99,39897591995,COSTUMES,DISGUISE INC.,1,59189K,each,
18001,PIRATE LASS MED (7-8),PIRATE LASS MED (7-8),,GIRLS,MED 7-8,26.2425,34.99,32692920878,COSTUMES,DISGUISE INC.,0,208-K,each,
18002,SOCK MONKEY GIRL SM (4-6),SOCK MONKEY GIRL SM (4-6),,GIRLS,SM 4-6,19.99,34.99,39897383347,COSTUMES,DISGUISE INC.,0,38334L,each,
18056,CINDERELLA CLASSIC XS (3T-4T),CINDERELLA CLASSIC XS (3T-4T),,GIRLS,XS 3T-4T,19.99,36.99,39897870595,COSTUMES,DISGUISE INC.,3,87057M,each,
21440,MINNIE MOUSE MED,MINNIE MOUSE MED,,GIRLS,MEDIUM,33.7425,44.99,39897364742,COSTUMES,DISGUISE INC.,0,36473K,each,
21511,POLICE CHIEF LG,POLICE CHIEF LG,,GIRLS,LARGE,29.9925,39.99,71765028714,COSTUMES,FUN WORLD,1,110752,each,
21603,CROSS EYED CARLIE 10-12,CROSS EYED CARLIE 10-12,,GIRLS,10-12,33.7425,44.99,714718465678,COSTUMES,LEG AVENUE INC.,0,C48177,each,
21670,LITTLE ZEBRA 10-12,LITTLE ZEBRA 10-12,,GIRLS,10-12,28.4925,37.99,714718436807,COSTUMES,LEG AVENUE INC.,0,C48139,each,
21703,BUTTERFLY PRINCESS SM,BUTTERFLY PRINCESS SM,,GIRLS,SMALL,33.7425,44.99,71765029391,COSTUMES,FUN WORLD,0,122162,each,
21730,GREEK GODDESS MED,GREEK GODDESS MED,,GIRLS,MEDIUM,26.2425,34.99,71765006255,COSTUMES,FUN WORLD,1,110472,each,
21744,SWEET SORCERESS MED,SWEET SORCERESS MED,,GIRLS,MEDIUM,14.9925,19.99,71765000123,COSTUMES,FUN WORLD,0,110052,each,
19041,RAINBOW UNICORN CHILD SM,RAINBOW UNICORN CHILD SM,,GIRLS,UNICORN SM,32.2425,42.99,809801734523,COSTUMES,AMSCAN,4,842746,3,
19042,PEACOCK PRINCESS CHILD MED,PEACOCK PRINCESS CHILD MED,,GIRLS,PEACOCK PRIN,29.9925,39.99,809801734127,COSTUMES,AMSCAN,2,842712,3,
19043,PEACOCK PRINCESS CHILD LG,PEACOCK PRINCESS CHILD LG,,GIRLS,PEACOCK PRIN,29.9925,39.99,809801734134,COSTUMES,AMSCAN,3,842713,3,
19044,MISS SOCK HOP CHILD MED,MISS SOCK HOP CHILD MED,,GIRLS,MISS SOCK MD,28.4925,37.99,809801707169,COSTUMES,AMSCAN,3,841119,3,
19045,MISS SOCK HOP CHILD LG,MISS SOCK HOP CHILD LG,,GIRLS,MISS SOCK LG,28.4925,37.99,809801707152,COSTUMES,AMSCAN,6,841118,3,
19108,CLEOPATRA MED,CLEOPATRA MED,,GIRLS,MED,12.7425,16.99,883028106264,COSTUMES,RUBIE'S COSTUME CO.,1,881062,each,
19046,LIL WITCH CHILD SM,LIL WITCH CHILD SM,,GIRLS,LIL WITCH SM,11.2425,14.99,809801702850,COSTUMES,AMSCAN,3,840249,3,
19047,LIL WITCH CHILD MED,LIL WITCH CHILD MED,,GIRLS,LIL WITCH MD,11.2425,14.99,809801702867,COSTUMES,AMSCAN,5,840250,3,
19040,TOTALLY LADYBUG CHILD SM,TOTALLY LADYBUG CHILD SM,,GIRLS,LADYBUG SM,29.9925,39.99,809801722476,COSTUMES,AMSCAN,2,842890,3,
21133,AHOY MATEY 7-9 TEEN,AHOY MATEY 7-9 TEEN,,GIRLS,7-9 TEEN,29.9925,39.99,32692246220,COSTUMES,DISGUISE INC.,0,2462T,each,
21162,GYPSY PRINCESS S/M,GYPSY PRINCESS S/M,,GIRLS,S/M,37.4925,49.99,714718400556,COSTUMES,LEG AVENUE INC.,0,J48018,each,
21191,DOROTHY SM,DOROTHY SM,,GIRLS,SMALL,22.49,29.99,883028209552,COSTUMES,RUBIE'S COSTUME CO.,0,882095,each,
19587,VAMPTESSA SM,VAMPTESSA SM,,GIRLS,SMALL,26.2425,34.99,23168058263,COSTUMES,FUN WORLD,0,5826,each,
19588,VAMPTESSA MED,VAMPTESSA MED,,GIRLS,MEDIUM,26.2425,34.99,23168158260,COSTUMES,FUN WORLD,0,5826,each,
19589,VAMPTESSA LG,VAMPTESSA LG,,GIRLS,LARGE,26.2425,34.99,23168258267,COSTUMES,FUN WORLD,0,5826,each,
19592,MIDNIGHT FAIRY SM,MIDNIGHT FAIRY SM,,GIRLS,SMALL,26.2425,34.99,23168058973,COSTUMES,FUN WORLD,0,5897,each,
19593,MIDNIGHT FAIRY MED,MIDNIGHT FAIRY MED,,GIRLS,MEDIUM,26.2425,34.99,23168158970,COSTUMES,FUN WORLD,0,5897,each,
19594,MIDNIGHT FAIRY LG,MIDNIGHT FAIRY LG,,GIRLS,LARGE,26.2425,34.99,23168258977,COSTUMES,FUN WORLD,0,5897,each,
21134,CHEERLESS LEADER 14-16,CHEERLESS LEADER 14-16,,GIRLS,14-16,29.9925,39.99,32692280280,COSTUMES,DISGUISE INC.,1,2802J,each,
21163,LIL MISS RED M/L,LIL MISS RED M/L,,GIRLS,M/L,32.2425,42.99,714718425665,COSTUMES,LEG AVENUE INC.,0,J48033,each,
21192,FLOWER POWER- LG,FLOWER POWER LG,,GIRLS,LARGE,18.7425,24.99,82686186643,COSTUMES,RUBIE'S COSTUME CO.,2,18664,each,
21441,MONSTER BRIDE 10-12,MONSTER BRIDE 10-12,,GIRLS,10-12,22.4925,29.99,32692280101,COSTUMES,DISGUISE INC.,0,2801G,each,
21517,POLICE CHIEF SM,POLICE CHIEF SM,,GIRLS,SMALL,29.9925,39.99,71765028691,COSTUMES,FUN WORLD,0,110752,each,
21606,CROSS EYED CARLIE 7-10,CROSS EYED CARLIE 7-10,,GIRLS,7-10,33.7425,44.99,714718465661,COSTUMES,LEG AVENUE INC.,0,C48177,each,
21673,LITTLE ZEBRA 7-10 MED,LITTLE ZEBRA 7-10 MED,,GIRLS,7-10,28.4925,37.99,714718436791,COSTUMES,LEG AVENUE INC.,0,C48139,each,
21704,CARIBBEAN PIRATE LG,CARIBBEAN PIRATE LG,,GIRLS,LARGE,14.9925,19.99,23168287830,COSTUMES,FUN WORLD,2,8783,each,
21731,HONEY BEE LG,HONEY BEE LG,,GIRLS,LARGE,29.9925,39.99,71765004206,COSTUMES,FUN WORLD,0,120102,each,
21745,SWEETHEART BAT LG,SWEETHEART BAT LG,,GIRLS,LARGE,18.7425,24.99,788677081057,COSTUMES,FUN WORLD,0,114262,each,
21135,CHESHIRE CAT 14-16 TEEN,CHESHIRE CAT 14-16 TEEN,,GIRLS,14-16 TEEN,37.4925,49.99,32692033387,COSTUMES,DISGUISE INC.,0,50333J,each,
21164,LIL MISS RED S/M,LIL MISS RED S/M,,GIRLS,S/M,32.2425,42.99,714718425658,COSTUMES,LEG AVENUE INC.,0,J48033,each,
21193,FLOWER POWER- MED,FLOWER POWER MED,,GIRLS,MEDIUM,18.7425,24.99,400000593692,COSTUMES,RUBIE'S COSTUME CO.,2,18664,each,
21340,PUNKY PIRATE MED,PUNKY PIRATE MED,,GIRLS,MEDIUM,18.7425,24.99,883028288762,COSTUMES,RUBIE'S COSTUME CO.,2,882887,each,
21442,MONSTER BRIDE 7-8,MONSTER BRIDE 7-8,,GIRLS,7-8,22.4925,29.99,32692280170,COSTUMES,DISGUISE INC.,0,2801K,each,
21518,POLICE CHIEF MED,POLICE CHIEF MED,,GIRLS,MEDIUM,29.9925,39.99,71765028707,COSTUMES,FUN WORLD,0,110752,each,
21608,CROSS EYED CARLIE 4-6,CROSS EYED CARLIE 4-6,,GIRLS,4-6,33.7425,44.99,714718465654,COSTUMES,LEG AVENUE INC.,0,C48177,each,
21674,LITTLE ZEBRA 4-6 SM,LITTLE ZEBRA 4-6 SM,,GIRLS,4--6,28.4925,37.99,714718436784,COSTUMES,LEG AVENUE INC.,0,C48139,each,
21708,CARIBBEAN PIRATE MED,CARIBBEAN PIRATE MED,,GIRLS,MEDIUM,14.9925,19.99,23168187833,COSTUMES,FUN WORLD,2,8783,each,
21732,HONEY BEE MED,HONEY BEE MED,,GIRLS,MEDIUM,29.9925,39.99,71765004190,COSTUMES,FUN WORLD,0,120102,each,
21746,SWEETHEART BAT SM,SWEETHEART BAT SM,,GIRLS,SMALL,18.7425,24.99,788677079986,COSTUMES,FUN WORLD,0,114262,each,
21482,FUNKIE FRANKIE MED,FUNKIE FRANKIE MED,,GIRLS,MEDIUM,32.2425,42.99,71765043946,COSTUMES,FUN WORLD,0,119522,each,
21520,HEAVEN SENT LG,HEAVEN SENT LG,,GIRLS,LARGE,18.7425,24.99,788677047145,COSTUMES,FUN WORLD,2,110552,each,
21609,FLUFFY BUNNY LG,FLUFFY BUNNY LG,,GIRLS,LARGE,26.2425,34.99,714718421384,COSTUMES,LEG AVENUE INC.,0,C48128,each,
21675,PLAYTIME POLICE LG,PLAYTIME POLICE LG,,GIRLS,LARGE,26.2425,34.99,714718465586,COSTUMES,LEG AVENUE INC.,1,C48171,each,
21709,CARIBBEAN PIRATE SM,CARIBBEAN PIRATE SM,,GIRLS,SMALL,14.9925,19.99,23168087836,COSTUMES,FUN WORLD,1,8783,each,
21733,HONEY BEE SM,HONEY BEE SM,,GIRLS,SMALL,29.9925,39.99,71765004183,COSTUMES,FUN WORLD,0,120102,each,
21747,VAMPIRINA LG,VAMPIRINA LG,,GIRLS,LARGE,29.9925,39.99,71765016766,COSTUMES,FUN WORLD,0,121122,each,
21444,PIRATE LASS 10-12,PIRATE LASS 10-12,,GIRLS,10-12,29.9925,39.99,32692920830,COSTUMES,DISGUISE INC.,2,208H,each,
21483,WICK'D WOLFIE LG,WICK'D WOLFIE LG,,GIRLS,LARGE,32.2425,42.99,71765043984,COSTUMES,FUN WORLD,0,119532,each,
21521,HEAVEN SENT SM,HEAVEN SENT SM,,GIRLS,SMALL,18.7425,24.99,788677046513,COSTUMES,FUN WORLD,1,110552,each,
21610,FLUFFY BUNNY MED,FLUFFY BUNNY MED,,GIRLS,MEDIUM,26.2425,34.99,714718421377,COSTUMES,LEG AVENUE INC.,0,C48128,each,
21676,PLAYTIME POLICE MED,PLAYTIME POLICE MED,,GIRLS,MEDIUM,26.2425,34.99,714718465579,COSTUMES,LEG AVENUE INC.,0,C48171,each,
21710,COFFIN WITCH SM,COFFIN WITCH SM,,GIRLS,SMALL,22.4925,29.99,23168059925,COSTUMES,FUN WORLD,0,5992,each,
21734,LADY DRACULA LG,LADY DRACULA LG,,GIRLS,LARGE,29.9925,39.99,71765021463,COSTUMES,FUN WORLD,0,110632,each,
21748,VAMPIRINA MED,VAMPIRINA MED,,GIRLS,MEDIUM,29.9925,39.99,71765016759,COSTUMES,FUN WORLD,0,121122,each,
19852,MS BO JANGLES SM,MS BO JANGLES SM,,GIRLS,SMALL,29.9925,39.99,721773705649,COSTUMES,FORUM NOVELTIES INC,0,70564,each,
19853,MS BO JANGLES MED,MS BO JANGLES MED,,GIRLS,MEDIUM,29.9925,39.99,721773705656,COSTUMES,FORUM NOVELTIES INC,0,70565,each,
19854,MS BO JANGLES LG,MS BO JANGLES LG,,GIRLS,LARGE,29.9925,39.99,721773705663,COSTUMES,FORUM NOVELTIES INC,4,70566,each,
21484,WICK'D WOLFIE MED,WICK'D WOLFIE MED,,GIRLS,MEDIUM,32.2425,42.99,71765043977,COSTUMES,FUN WORLD,0,119532,each,
21522,HEAVEN SENT MED,HEAVEN SENT MED,,GIRLS,MEDIUM,18.7425,24.99,788677026706,COSTUMES,FUN WORLD,1,110552,each,
21611,FLUFFY BUNNY SM,FLUFFY BUNNY SM,,GIRLS,SMALL,26.2425,34.99,714718421360,COSTUMES,LEG AVENUE INC.,0,C48128,each,
21677,PLAYTIME POLICE SM,PLAYTIME POLICE SM,,GIRLS,SMALL,26.2425,34.99,714718465562,COSTUMES,LEG AVENUE INC.,0,C48171,each,
21711,DLX LADY PIRATE 12-14,DLX LADY PIRATE 12-14,,GIRLS,12-14,18.7425,24.99,23168287991,COSTUMES,FUN WORLD,0,88490,each,
21736,LADY DRACULA MED,LADY DRACULA MED,,GIRLS,MEDIUM,29.9925,39.99,71765021456,COSTUMES,FUN WORLD,0,110632,each,
21749,VAMPIRINA SM,VAMPIRINA SM,,GIRLS,SMALL,29.9925,39.99,71765016742,COSTUMES,FUN WORLD,0,121122,each,
21485,FUNKIE FRANKIE LG,FUNKIE FRANKIE LG,,GIRLS,LARGE,32.2425,42.99,71765043953,COSTUMES,FUN WORLD,0,119522,each,
21678,PRETTY PANDA LG,PRETTY PANDA LG,,GIRLS,LARGE,28.4925,37.99,714718465432,COSTUMES,LEG AVENUE INC.,0,C48180,each,
21712,DRAGON NINJA 4-6,DRAGON NINJA 4-6,,GIRLS,4-6,18.7425,24.99,71765039758,COSTUMES,FUN WORLD,0,118522,each,
21737,LADY DRACULA SM,LADY DRACULA SM,,GIRLS,SMALL,29.9925,39.99,71765021449,COSTUMES,FUN WORLD,0,110632,each,
21750,ANGEL MED,ANGEL MED,,GIRLS,MEDIUM,11.2425,14.99,400000122182,COSTUMES,FORUM NOVELTIES INC,0,55743,each,
21451,SOCK MONKEY 7-8,SOCK MONKEY 7-8,,GIRLS,7-8,19.99,39.99,39897383354,COSTUMES,DISGUISE INC.,1,38334K,each,
21525,SWEET RACCOON LG,SWEET RACCOON LG,,GIRLS,LARGE,37.4925,49.99,71765036856,COSTUMES,FUN WORLD,0,121712,each,
21679,PRETTY PANDA MED,PRETTY PANDA MED,,GIRLS,MEDIUM,28.4925,37.99,714718465425,COSTUMES,LEG AVENUE INC.,0,C48180,each,
21714,FAIRY WITCH MED,FAIRY WITCH MED,,GIRLS,MEDIUM,22.4925,29.99,23168158635,COSTUMES,FUN WORLD,0,5863,each,
21739,LOVELY LADYBUG SM,LOVELY LADYBUG SM,,GIRLS,SMALL,29.9925,39.99,71765004152,COSTUMES,FUN WORLD,0,120072,each,
21751,BETSY ROSS LG,BETSY ROSS LG,,GIRLS,LARGE,9.7425,12.99,721773582707,COSTUMES,FORUM NOVELTIES INC,0,58270L,each,
21526,SWEET RACCOON MED,SWEET RACCOON MED,,GIRLS,MEDIUM,37.4925,49.99,71765036849,COSTUMES,FUN WORLD,0,121712,each,
21680,PRETTY PANDA SM,PRETTY PANDA SM,,GIRLS,SMALL,28.4925,37.99,714718465418,COSTUMES,LEG AVENUE INC.,0,C48180,each,
21715,FAIRY WITCH SM,FAIRY WITCH SM,,GIRLS,SMALL,22.4925,29.99,23168058638,COSTUMES,FUN WORLD,0,5863,each,
21740,SASSY VAMP SM,SASSY VAMP SM,,GIRLS,SMALL,22.4925,29.99,23168059666,COSTUMES,FUN WORLD,0,5966,each,
21752,FAIRYTALE PRINCESS 4-6,FAIRYTALE PRINCESS 4-6,,GIRLS,4-6,17.2425,22.99,721773605840,COSTUMES,FORUM NOVELTIES INC,3,60584,each,
21681,RASCAL RACCOON LG,RASCAL RACCOON LG,,GIRLS,LARGE,28.4925,37.99,714718466064,COSTUMES,LEG AVENUE INC.,0,C48173,each,
21716,FEELIN GROOVY LG,FEELIN GROOVY LG,,GIRLS,LARGE,22.4925,29.99,71765011303,COSTUMES,FUN WORLD,0,120252,each,
21741,SPRKNG SPIDERELLA LG,SPRKNG SPIDERELLA LG,,GIRLS,LARGE,26.2425,34.99,23168258830,COSTUMES,FUN WORLD,0,5883,each,
21753,GOLD PRINCESS MED,GOLD PRINCESS MED,,GIRLS,MEDIUM,22.4925,29.99,400000175355,COSTUMES,FORUM NOVELTIES INC,0,62577,each,
21136,CHESHIRE CAT 7-9 TEEN,CHESHIRE CAT 7-9 TEEN,,GIRLS,7-9 TEEN,37.4925,49.99,32692033325,COSTUMES,DISGUISE INC.,0,50333T,each,
21165,SASSY SKELETON M/L 12-14,SASSY SKELETON M/L 12-14,,GIRLS,S/M,37.4925,49.99,714718466088,COSTUMES,LEG AVENUE INC.,0,J48067,each,
20148,FOREST BANDIT SM,FOREST BANDIT SM,,GIRLS,SMALL,26.2425,34.99,883028630851,COSTUMES,RUBIE'S COSTUME CO.,0,886308,each,
20095,CRYSTAL PRINCESS SM,CRYSTAL PRINCESS SM,,GIRLS,SMALL,22.4925,29.99,883028271351,COSTUMES,RUBIE'S COSTUME CO.,1,882713,each,
20149,FOREST BANDIT MED,FOREST BANDIT MED,,GIRLS,MEDIUM,26.2425,34.99,883028630868,COSTUMES,RUBIE'S COSTUME CO.,0,886308,each,
20096,CRYSTAL PRINCESS MED,CRYSTAL PRINCESS MED,,GIRLS,MEDIUM,22.4925,29.99,883028271368,COSTUMES,RUBIE'S COSTUME CO.,0,882713,each,
20152,PARTY CAT SM,PARTY CAT SM,,GIRLS,SMALL,29.9925,39.99,883028661152,COSTUMES,RUBIE'S COSTUME CO.,0,886611,each,
19991,SUPERGIRL SM,SUPERGIRL SM,,GIRLS,SMALL,26.2425,34.99,883028162758,COSTUMES,RUBIE'S COSTUME CO.,2,881627,each,
20018,BAD SPIRIT LG,BAD SPIRIT LG,,GIRLS,LARGE,20.9925,27.99,883028202676,COSTUMES,RUBIE'S COSTUME CO.,1,882026,each,
20153,PARTY CAT MED,PARTY CAT MED,,GIRLS,MEDIUM,29.9925,39.99,883028661169,COSTUMES,RUBIE'S COSTUME CO.,2,886611,each,
19992,SUPERGIRL MED,SUPERGIRL MED,,GIRLS,MEDIUM,26.2425,34.99,883028162765,COSTUMES,RUBIE'S COSTUME CO.,0,881627,each,
20019,REGAL QUEEN SM,REGAL QUEEN SM,,GIRLS,SMALL,24.7425,32.99,883028204854,COSTUMES,RUBIE'S COSTUME CO.,1,882048,each,
20127,LAGOONA BLUE LG,LAGOONA BLUE LG,,GIRLS,LARGE,22.4925,29.99,883028478972,COSTUMES,RUBIE'S COSTUME CO.,0,884789,each,
20154,PARTY CAT LG,PARTY CAT LG,,GIRLS,LARGE,29.9925,39.99,883028661176,COSTUMES,RUBIE'S COSTUME CO.,2,886611,each,
19993,WONDER WOMAN SM,WONDER WOMAN SM,,GIRLS,SMALL,26.2425,34.99,883028162956,COSTUMES,RUBIE'S COSTUME CO.,1,881629,each,
20020,REGAL QUEEN MED,REGAL QUEEN MED,,GIRLS,MEDIUM,24.7425,32.99,883028204861,COSTUMES,RUBIE'S COSTUME CO.,1,882048,each,
20155,NEON LEOPARD HOODIE LG,NEON LEOPARD HOODIE LG,,GIRLS,LARGE,24.7425,32.99,883028663477,COSTUMES,RUBIE'S COSTUME CO.,2,886634,each,
19994,WONDER WOMAN MED,WONDER WOMAN MED,,GIRLS,MEDIUM,26.2425,34.99,883028162963,COSTUMES,RUBIE'S COSTUME CO.,0,881629,each,
20021,REGAL QUEEN LG,REGAL QUEEN LG,,GIRLS,LARGE,24.7425,32.99,883028204878,COSTUMES,RUBIE'S COSTUME CO.,1,882048,each,
20102,SNOW ANGEL SM,SNOW ANGEL SM,,GIRLS,SMALL,22.4925,29.99,883028283859,COSTUMES,RUBIE'S COSTUME CO.,1,882838,each,
20156,NEON PINK ZEBRA HOODIE LG,NEON PINK ZEBRA HOODIE LG,,GIRLS,LARGE,24.7425,32.99,883028663576,COSTUMES,RUBIE'S COSTUME CO.,2,886635,each,
19968,HAREM GIRL SM,HAREM GIRL SM,,GIRLS,SMALL,12.7425,16.99,883028106059,COSTUMES,RUBIE'S COSTUME CO.,0,881060,each,
20103,SNOW ANGEL MED,SNOW ANGEL MED,,GIRLS,MEDIUM,22.4925,29.99,883028283866,COSTUMES,RUBIE'S COSTUME CO.,0,882838,each,
19969,HAREM GIRL MED,HAREM GIRL MED,,GIRLS,MEDIUM,12.7425,16.99,883028106066,COSTUMES,RUBIE'S COSTUME CO.,1,881060,each,
20104,SNOW ANGEL LG,SNOW ANGEL LG,,GIRLS,LARGE,22.4925,29.99,883028283873,COSTUMES,RUBIE'S COSTUME CO.,0,882838,each,
20131,DRACULAURA DLX SM,DRACULAURA DLX SM,,GIRLS,SMALL,29.9925,39.99,883028490158,COSTUMES,RUBIE'S COSTUME CO.,1,884901,each,
19970,HAREM GIRL LG,HAREM GIRL LG,,GIRLS,LARGE,12.7425,16.99,883028106073,COSTUMES,RUBIE'S COSTUME CO.,1,881060,each,
20132,DRACULAURA DLX MED,DRACULAURA DLX MED,,GIRLS,MEDIUM,29.9925,39.99,883028490165,COSTUMES,RUBIE'S COSTUME CO.,1,884901,each,
20159,PRETTY N'PINK SM,PRETTY N'PINK SM,,GIRLS,SMALL,22.4925,29.99,883028665853,COSTUMES,RUBIE'S COSTUME CO.,1,886658,each,
19971,CLEOPATRA LG,CLEOPATRA LG,,GIRLS,LARGE,12.7425,16.99,883028106271,COSTUMES,RUBIE'S COSTUME CO.,2,881062,each,
20133,DRACULAURA DLX LG,DRACULAURA DLX LG,,GIRLS,LARGE,29.9925,39.99,883028490172,COSTUMES,RUBIE'S COSTUME CO.,1,884901,each,
20160,PRETTY N'PINK MED,PRETTY N'PINK MED,,GIRLS,MEDIUM,22.4925,29.99,883028665860,COSTUMES,RUBIE'S COSTUME CO.,1,886658,each,
19972,GLITTER WITCH SM,GLITTER WITCH SM,,GIRLS,SMALL,14.9925,19.99,883028112258,COSTUMES,RUBIE'S COSTUME CO.,1,881122,each,
19973,GLITTER WITCH MED,GLITTER WITCH MED,,GIRLS,MEDIUM,14.9925,19.99,883028112265,COSTUMES,RUBIE'S COSTUME CO.,1,881122,each,
20081,SUPERGIRL DLX SM,SUPERGIRL DLX SM,,GIRLS,SMALL,26.2425,34.99,883028231454,COSTUMES,RUBIE'S COSTUME CO.,2,882314,each,
20135,CLAWDEEN WOLF DLX LG,CLAWDEEN WOLF DLX LG,,GIRLS,LARGE,29.9925,39.99,883028490271,COSTUMES,RUBIE'S COSTUME CO.,0,884902,each,
19974,GLITTER WITCH LG,GLITTER WITCH LG,,GIRLS,LARGE,14.9925,19.99,883028112272,COSTUMES,RUBIE'S COSTUME CO.,0,881122,each,
20082,SUPERGIRL DLX MED,SUPERGIRL DLX MED,,GIRLS,MEDIUM,26.2425,34.99,883028231461,COSTUMES,RUBIE'S COSTUME CO.,1,882314,each,
20083,PILGRIM GIRL MED,PILGRIM GIRL MED,,GIRLS,MEDIUM,22.4925,29.99,883028262366,COSTUMES,RUBIE'S COSTUME CO.,0,882623,each,
20111,PRETTY WITCH SM,PRETTY WITCH SM,,GIRLS,SMALL,28.4925,37.99,883028315550,COSTUMES,RUBIE'S COSTUME CO.,2,883155,each,
20004,ANGEL LG,ANGEL LG,,GIRLS,LARGE,9.7425,12.99,883028193172,COSTUMES,RUBIE'S COSTUME CO.,1,881931,each,
20112,PRETTY WITCH MED,PRETTY WITCH MED,,GIRLS,MEDIUM,28.4925,37.99,883028315567,COSTUMES,RUBIE'S COSTUME CO.,0,883155,each,
19978,LEOPARD HOODIE LG,LEOPARD HOODIE LG,,GIRLS,LARGE,22.4925,29.99,883028138272,COSTUMES,RUBIE'S COSTUME CO.,2,881382,each,
20087,CHEERLEADER CHAMP MED,CHEERLEADER CHAMP MED,,GIRLS,MEDIUM,29.9925,39.99,883028268863,COSTUMES,RUBIE'S COSTUME CO.,2,882688,each,
20089,RODEO PRINCESS SM,RODEO PRINCESS SM,,GIRLS,SMALL,17.2425,22.99,883028269150,COSTUMES,RUBIE'S COSTUME CO.,-1,882691,each,
20776,TOOTSIE ROLL DRESS 7-10,TOOTSIE ROLL DRESS 7-10,,GIRLS,7-10,26.2425,34.99,791249400972,COSTUMES,RASTA IMPOSTA,0,4009-710,each,
20729,HOCUS POCUS WITCH SM,HOCUS POCUS WITCH SM,,GIRLS,SMALL,18.7425,24.99,721773669330,COSTUMES,FORUM NOVELTIES INC,0,66933,each,
20730,HOCUS POCUS WITCH MED,HOCUS POCUS WITCH MED,,GIRLS,MEDIUM,18.7425,24.99,721773669347,COSTUMES,FORUM NOVELTIES INC,0,66934,each,
20731,HOCUS POCUS WITCH LG,HOCUS POCUS WITCH LG,,GIRLS,LARGE,18.7425,24.99,721773669354,COSTUMES,FORUM NOVELTIES INC,0,66935,each,
20732,ZOMBIE GIRL MED,ZOMBIE GIRL MED,,GIRLS,MEDIUM,26.2425,34.99,721773669460,COSTUMES,FORUM NOVELTIES INC,2,66946,each,
20733,ZOMBIE GIRL LG,ZOMBIE GIRL LG,,GIRLS,LARGE,26.2425,34.99,721773669477,COSTUMES,FORUM NOVELTIES INC,1,66947,each,
20735,BEAUTIFUL PRINCESS MED,BEAUTIFUL PRINCESS MED,,GIRLS,MEDIUM,14.9925,19.99,721773675713,COSTUMES,FORUM NOVELTIES INC,3,67571,each,
20736,BEAUTIFUL PRINCESS LG,BEAUTIFUL PRINCESS LG,,GIRLS,LARGE,14.9925,19.99,721773675720,COSTUMES,FORUM NOVELTIES INC,4,67572,each,
21167,SASSY SKELETON S/M 10-12,SASSY SKELETON S/M 10-12,,GIRLS,S/M,37.4925,49.99,714718466071,COSTUMES,LEG AVENUE INC.,0,J48067,each,
21195,INDIAN GIRL LG,INDIAN GIRL LG,,GIRLS,LARGE,14.9925,19.99,883028115372,COSTUMES,RUBIE'S COSTUME CO.,1,881153,each,
21168,SWASHBUCK SWEETIE M/L,SWASHBUCK SWEETIE M/L,,GIRLS,M/L,37.4925,49.99,714718464022,COSTUMES,LEG AVENUE INC.,0,J48058,each,
21196,INDIAN GIRL MED,INDIAN GIRL MED,,GIRLS,MEDIUM,14.9925,19.99,883028115365,COSTUMES,RUBIE'S COSTUME CO.,2,881153,each,
21169,SWASHBUCK SWEETIE S/M,SWASHBUCK SWEETIE S/M,,GIRLS,S/M,37.4925,49.99,714718464015,COSTUMES,LEG AVENUE INC.,0,J48058,each,
21197,INDIAN GIRL SM,INDIAN GIRL SM,,GIRLS,SMALL,14.9925,19.99,883028115358,COSTUMES,RUBIE'S COSTUME CO.,0,881153,each,
21352,RED DRAGON NINJA MED,RED DRAGON NINJA MED,,GIRLS,MEDIUM,14.9925,19.99,883028237968,COSTUMES,RUBIE'S COSTUME CO.,2,882379,each,
21170,VICTORIAN VAMPIRE M/L,VICTORIAN VAMPIRE M/L,,GIRLS,M/L,29.9925,39.99,714718436708,COSTUMES,LEG AVENUE INC.,0,J48042,each,
21199,LAGOONA BLUE MED,LAGOONA BLUE MED,,GIRLS,MEDIUM,22.4925,29.99,883028478965,COSTUMES,RUBIE'S COSTUME CO.,1,884789,each,
21355,RED DRAGON NINJA LG,RED DRAGON NINJA LG,,GIRLS,LARGE,14.9925,19.99,883028237975,COSTUMES,RUBIE'S COSTUME CO.,1,882379,each,
21141,MINNIE MOUSE XL,MINNIE MOUSE XL,,GIRLS,XL,33.7425,44.99,39897397627,COSTUMES,DISGUISE INC.,0,36473J,each,
21171,VICTORIAN VAMPIRE S/M,VICTORIAN VAMPIRE S/M,,GIRLS,S/M,29.9925,39.99,714718436692,COSTUMES,LEG AVENUE INC.,0,J48042,each,
21200,LAGOONA BLUE SM,LAGOONA BLUE SM,,GIRLS,SMALL,22.4925,29.99,883028478958,COSTUMES,RUBIE'S COSTUME CO.,1,884789,each,
21358,RED DRAGON NINJA SM,RED DRAGON NINJA SM,,GIRLS,SMALL,14.9925,19.99,883028237951,COSTUMES,RUBIE'S COSTUME CO.,2,882379,each,
21142,MONSTER BRIDE 14-16,MONSTER BRIDE 14-16,,GIRLS,14-16,22.4925,29.99,32692280187,COSTUMES,DISGUISE INC.,0,2801J,each,
21172,WICKED WILDCAT M/L,WICKED WILDCAT M/L,,GIRLS,M/L,37.4925,49.99,714718436685,COSTUMES,LEG AVENUE INC.,0,J48044,each,
21360,SCAR-LET LG,SCAR-LET LG,,GIRLS,LARGE,18.7425,24.99,883028203178,COSTUMES,RUBIE'S COSTUME CO.,2,882031,each,
21173,WICKED WILDCAT S/M,WICKED WILDCAT S/M,,GIRLS,S/M,37.4925,49.99,714718436678,COSTUMES,LEG AVENUE INC.,0,J48044,each,
21361,SCAR-LET MED,SCAR-LET MED,,GIRLS,MEDIUM,18.7425,24.99,883028203161,COSTUMES,RUBIE'S COSTUME CO.,2,882031,each,
21174,M&M BLUE DRESS TEEN,M&M BLUE DRESS TEEN,,GIRLS,TEEN,26.2425,34.99,791249404420,COSTUMES,RASTA IMPOSTA,0,4044-02,each,
21203,MIDNIGHT PRINCESS LG,MIDNIGHT PRINCESS LG,,GIRLS,LARGE,22.4925,29.99,883028210077,COSTUMES,RUBIE'S COSTUME CO.,1,882100,each,
21175,M&M GREEN DRESS TEEN,M&M GREEN DRESS TEEN,,GIRLS,TEEN,26.2425,34.99,791249404222,COSTUMES,RASTA IMPOSTA,0,4042-02,each,
21204,MIDNIGHT PRINCESS MED,MIDNIGHT PRINCESS MED,,GIRLS,MEDIUM,22.4925,29.99,883028210060,COSTUMES,RUBIE'S COSTUME CO.,0,882100,each,
21176,M&M RED DRESS TEEN,M&M RED DRESS TEEN,,GIRLS,TEEN,26.2425,34.99,791249403829,COSTUMES,RASTA IMPOSTA,0,4038-02,each,
21205,PILGRIM GIRL SM,PILGRIM GIRL SM,,GIRLS,SMALL,22.4925,29.99,883028262359,COSTUMES,RUBIE'S COSTUME CO.,1,882623,each,
21177,M&M YELLOW DRESS TEEN,M&M YELLOW DRESS TEEN,,GIRLS,TEEN,26.2425,34.99,79124940424,COSTUMES,RASTA IMPOSTA,0,4040-02,each,
21178,M&M YELLOW PEANUT DRESS TEEN,M&M YELLOW PEANUT DRESS TEEN,,GIRLS,TEEN,26.2425,34.99,791249402228,COSTUMES,RASTA IMPOSTA,0,4022-02,each,
21179,TOOTSIE ROLL DRESS TEEN,TOOTSIE ROLL DRESS TEEN,,GIRLS,TEEN,26.2425,34.99,791249399504,COSTUMES,RASTA IMPOSTA,0,3995,each,
21150,HONEY BEE JUNIOR 7-9,HONEY BEE JUNIOR 7-9,,GIRLS,7-9,29.9925,39.99,71765004268,COSTUMES,FUN WORLD,0,120106,each,
21181,TWIX DRESS TEEN,TWIX DRESS TEEN,,GIRLS,TEEN,26.2425,34.99,791249402822,COSTUMES,RASTA IMPOSTA,0,4028-02,each,
21153,MONSTER BRIDE TEEN,MONSTER BRIDE TEEN,,GIRLS,TEEN,29.9925,39.99,71765035200,COSTUMES,FUN WORLD,6,121323,each,
21154,RACY REFEREE TEEN,RACY REFEREE TEEN,,GIRLS,TEEN,26.2425,34.99,71765015004,COSTUMES,FUN WORLD,0,122343,each,
21155,SKULL FAIRY TEEN,SKULL FAIRY TEEN,,GIRLS,TEEN,29.9925,39.99,23168016997,COSTUMES,FUN WORLD,0,1699,each,
21184,BAD SPIRIT MED,BAD SPIRIT MED,,GIRLS,MEDIUM,20.9925,27.99,883028202669,COSTUMES,RUBIE'S COSTUME CO.,2,882026,each,
21156,SWT RACCOON TEEN,SWT RACCOON TEEN,,GIRLS,TEEN,41.2425,54.99,71765037075,COSTUMES,FUN WORLD,0,121713,each,
21157,VAMPIRINA TEEN,VAMPIRINA TEEN,,GIRLS,TEEN,29.9925,39.99,71765016278,COSTUMES,FUN WORLD,0,121123,each,
21158,MIDNITE PRIESTESS TEEN,MIDNITE PRIESTESS TEEN,,GIRLS,TEEN,29.9925,39.99,400000942155,COSTUMES,RUBIE'S COSTUME CO.,0,15931,each,
21187,DORA SM,DORA SM,,GIRLS,SMALL,22.4925,29.99,883028313259,COSTUMES,RUBIE'S COSTUME CO.,2,883132,each,
21396,SUPERGIRL LG,SUPERGIRL LG,,GIRLS,LARGE,26.2425,34.99,883028231478,COSTUMES,RUBIE'S COSTUME CO.,2,882314,each,
21159,CUPCAKE SWEETIE M/L 12-14,CUPCAKE SWEETIE M/L 12-14,,GIRLS,M/L,41.2425,54.99,714718464046,COSTUMES,LEG AVENUE INC.,0,J48061,each,
21160,CUPCAKE SWEETIE S/M 10-12,CUPCAKE SWEETIE S/M 10-12,,GIRLS,S/M,41.2425,54.99,714718464039,COSTUMES,LEG AVENUE INC.,0,J48061,each,
21189,DOROTHY LG,DOROTHY LG,,GIRLS,LARGE,22.49,29.99,883028648870,COSTUMES,RUBIE'S COSTUME CO.,2,886488,each,
21132,AHOY MATEY 12-14,AHOY MATEY 12-14,,GIRLS,12-14,29.9925,39.99,32692246299,COSTUMES,DISGUISE INC.,0,2462,each,
21161,GYPSY PRINCESS M/L,GYPSY PRINCESS M/L,,GIRLS,M/L,37.4925,49.99,714718400563,COSTUMES,LEG AVENUE INC.,0,J48018,each,
21190,DOROTHY MED,DOROTHY MED,,GIRLS,MEDIUM,22.49,29.99,883028648863,COSTUMES,RUBIE'S COSTUME CO.,1,886488,each,
21336,PUNKY PIRATE LG,PUNKY PIRATE LG,,GIRLS,LARGE,18.7425,24.99,883028288779,COSTUMES,RUBIE'S COSTUME CO.,2,882887,each,
21402,TINKERBELL MED,TINKERBELL MED,,GIRLS,MEDIUM,18.7425,24.99,400000637877,COSTUMES,RUBIE'S COSTUME CO.,0,18757,each,
21754,RENAISSANCE DAMSEL SM,RENAISSANCE DAMSEL SM,,GIRLS,SMALL,22.4925,29.99,721773625732,COSTUMES,FORUM NOVELTIES INC,3,62573,each,
21756,LIL MISS SPIDER SM,LIL MISS SPIDER SM,,GIRLS,SMALL,17.2425,22.99,721773643569,COSTUMES,FORUM NOVELTIES INC,0,64356,each,
21757,PIRATE GIRL LG,PIRATE GIRL LG,,GIRLS,LARGE,11.2425,14.99,400000180656,COSTUMES,FORUM NOVELTIES INC,0,58264,each,
21759,PIRATE GIRL SM,PIRATE GIRL SM,,GIRLS,SMALL,11.2425,14.99,721773582646,COSTUMES,FORUM NOVELTIES INC,0,58264,each,
21764,POODLE SKIRT MED,POODLE SKIRT MED,,GIRLS,MEDIUM,12.7425,16.99,721773400285,COSTUMES,FORUM NOVELTIES INC,4,40028,each,
21765,SNOW WHITE DLX LG,SNOW WHITE DLX LG,,GIRLS,LARGE,22.4925,29.99,721773625879,COSTUMES,FORUM NOVELTIES INC,0,62587,each,
21766,SNOW WHITE DLX MED,SNOW WHITE DLX MED,,GIRLS,MEDIUM,22.4925,29.99,721773625862,COSTUMES,FORUM NOVELTIES INC,0,62586,each,
21768,SNOW WHITE DLX SM,SNOW WHITE DLX SM,,GIRLS,SMALL,22.4925,29.99,721773625855,COSTUMES,FORUM NOVELTIES INC,0,62585,each,
21769,SPIDER WITCH MED,SPIDER WITCH MED,,GIRLS,MEDIUM,22.4925,29.99,721773625800,COSTUMES,FORUM NOVELTIES INC,2,62580,each,
21770,SPIDER WITCH SM,SPIDER WITCH SM,,GIRLS,SMALL,22.4925,29.99,721773625794,COSTUMES,FORUM NOVELTIES INC,1,62579,each,
21772,CLEOPATRA LG 12-14,CLEOPATRA LG,,GIRLS,LARGE,37.4925,49.99,91346970232,COSTUMES,COSTUME CULTURE BY FRANCO LLC,0,49702-L,each,
21773,CLEOPATRA MED 8-10,CLEOPATRA MED 8-10,,GIRLS,MEDIUM,37.4925,49.99,91346970225,COSTUMES,COSTUME CULTURE BY FRANCO LLC,0,49702-M,each,
21789,BLUE CRAYON 7-10,BLUE CRAYON 7-10,,GIRLS,7-10,26.2425,34.99,791249450632,COSTUMES,RASTA IMPOSTA,0,4506-03,each,
21791,CLOWN 4-6,CLOWN 4-6,,GIRLS,4-6,26.2425,34.99,791249961107,COSTUMES,RASTA IMPOSTA,0,9611,each,
21795,CRAYOLA GREEN 7-10,CRAYOLA GREEN 7-10,,GIRLS,7-10,26.2425,34.99,791249450649,COSTUMES,RASTA IMPOSTA,0,4506-04,each,
21797,CRAYOLA RED 7-10,CRAYOLA RED 7-10,,GIRLS,7-10,26.2425,34.99,791249450618,COSTUMES,RASTA IMPOSTA,0,4506-01,each,
21802,YELLOW CRAYON 7-10,YELLOW CRAYON 7-10,,GIRLS,7-10,26.2425,34.99,791249450625,COSTUMES,RASTA IMPOSTA,0,4506-02,each,
23389,ROYAL PRINCESS 4-6,ROYAL PRINCESS 4-6,,GIRLS,4-6,29.9925,39.99,714718493398,COSTUMES,LEG AVENUE INC.,0,C49052,each,
23370,NEON ZOMBIE MED,NEON ZOMBIE MED,,GIRLS,MEDIUM,29.9925,39.99,71765053341,COSTUMES,FUN WORLD,0,111382,each,
23371,NEON ZOMBIE LG,NEON ZOMBIE LG,,GIRLS,LARGE,29.99,39.99,71765053358,COSTUMES,FUN WORLD,0,111382,each,
23372,NEON ZOMBIE SM,NEON ZOMBIE SM,,GIRLS,SMALL,29.99,39.99,71765053334,COSTUMES,FUN WORLD,0,111382,each,
23375,STORYBOOK WITCH MED,STORYBOOK WITCH MED,,GIRLS,MEDIUM,32.2425,42.99,714718497815,COSTUMES,LEG AVENUE INC.,0,C49089,each,
23377,STORYBOOK WITCH LG,STORYBOOK WITCH LG,,GIRLS,LARGE,32.2425,42.99,714718497822,COSTUMES,LEG AVENUE INC.,0,C49089,each,
23378,LACE VAMPIRESS SM,LACE VAMPIRESS SM,,GIRLS,SMALL,22.4925,29.99,71765058339,COSTUMES,FUN WORLD,0,116142,each,
23379,LACE VAMPIRESS LG,LACE VAMPIRESS LG,,GIRLS,LARGE,22.4925,29.99,71765058353,COSTUMES,FUN WORLD,2,116142,each,
23380,LACE VAMPIRESS MED,LACE VAMPIRESS MED,,GIRLS,MEDIUM,22.4925,29.99,71765058346,COSTUMES,FUN WORLD,0,116142,each,
23381,VAMPIRE QUEEN MED,VAMPIRE QUEEN MED,,GIRLS,MEDIUM,32.2425,42.99,714718497754,COSTUMES,LEG AVENUE INC.,0,C49088,each,
23382,VAMPIRE QUEEN LG,VAMPIRE QUEEN LG,,GIRLS,LARGE,32.2425,42.99,714718497761,COSTUMES,LEG AVENUE INC.,2,C49088,each,
23383,SKELETON PRINCESS MED,SKELETON PRINCESS MED,,GIRLS,MEDIUM,33.7425,44.99,714718499000,COSTUMES,LEG AVENUE INC.,0,C49093,each,
23384,SKELETON PRINCESS LG,SKELETON PRINCESS LG,,GIRLS,LARGE,33.7425,44.99,714718499017,COSTUMES,LEG AVENUE INC.,0,C49093,each,
23638,ELSA DELUXE LG (10-12),ELSA DELUXE LG (10-12),,GIRLS,LARGE,32.2425,42.99,39897832722,COSTUMES,DISGUISE INC.,3,56998G,each,
24261,FRANKIES BRIDE LG,FRANKIES BRIDE LG,,GIRLS,LARGE,36.7425,48.99,71765053471,COSTUMES,FUN WORLD,0,123462,each,
24262,FRANKIES BRIDE MED,FRANKIES BRIDE MED,,GIRLS,MEDIUM,36.7425,48.99,71765053464,COSTUMES,FUN WORLD,0,123462,each,
24264,ZOMBIE LG,ZOMBIE LG,,GIRLS,LARGE,29.9925,39.99,71765061391,COSTUMES,FUN WORLD,0,114532,each,
24268,GOLD STAR PRINCESS MED,GOLD STAR PRINCESS MED,,GIRLS,MEDIUM,22.4925,29.99,721773625770,COSTUMES,FORUM NOVELTIES INC,0,62577,each,
11868,"FLUTTERY ANGEL, CHILD MED","FLUTTERY ANGEL, CHILD MED",,GIRLS,MED,22.4925,29.99,721773668104,COSTUMES,FORUM NOVELTIES INC,0,66810,,
26438,Pink Ladies Jacket - Child,Pink Ladies Jacket - Child,,GIRLS,JACKET,18.7425,24.99,809801700887,COSTUMES,AMSCAN,3,840131,6,
26488,FLUTTERY ANGEL CHILD SM,FLUTTERY ANGEL CHILD SM,,GIRLS,SM,22.4925,29.99,721773668098,COSTUMES,FORUM NOVELTIES INC,1,66809,,
26489,"FLUTTERY ANGEL, CHILD LRG","FLUTTERY ANGEL, CHILD LRG",,GIRLS,LRG,22.4925,29.99,721773668111,COSTUMES,FORUM NOVELTIES INC,1,66811,,
12559,JASMINE SPARKLE SM,JASMINE SPARKLE SM,,GIRLS,,26.2425,34.99,39897591841,COSTUMES,DISGUISE INC.,1,59183L,,
12563,BLACK WIDOW LG,BLACK WIDOW LG,,GIRLS,,29.9925,39.99,883028046515,COSTUMES,RUBIE'S COSTUME CO.,1,610444,,
12584,BLACK WIDOW M,BLACK WIDOW M,,GIRLS,,29.9925,39.99,883028046492,COSTUMES,RUBIE'S COSTUME CO.,0,610444,,
12725,TOTALLY LADYBUG M,TOATLLY LADYBUG M,,GIRLS,,28.4925,37.99,809801722483,COSTUMES,AMSCAN,3,842889,,
12727,ANNA XS,ANNA XA,,GIRLS,,26.2425,34.99,39897769042,COSTUMES,DISGUISE INC.,3,76903M,,
12764,ANNA S,ANNA S,,GIRLS,,26.2425,34.99,39897769035,COSTUMES,DISGUISE INC.,3,76903L,,
12765,CHEERLESS LEADER XL,CHEERLESS LEADER XL,,GIRLS,,29.9925,39.99,32692280286,COSTUMES,DISGUISE INC.,0,2802J,,
22175,SWEET TIGER LG,SWEET TIGER LG,,GIRLS,LG,37.49,49.99,71765070003,COSTUMES,FUN WORLD,2,124412L,each,
22178,SWEET TIGER MED,SWEET TIGER MED,,GIRLS,MED,37.49,49.99,71765069991,COSTUMES,FUN WORLD,2,124412M,each,
22179,SWEET TIGER SM,SWEET TIGER SM,,GIRLS,SM,37.49,49.99,71765069984,COSTUMES,FUN WORLD,1,124412S,each,
22180,COOL KAT LG,COOL KAT LG,,GIRLS,LG,29.99,39.99,71765043922,COSTUMES,FUN WORLD,2,119512,each,
22184,COOL KAT MED,COOL KAT MED,,GIRLS,MED,29.99,39.99,71765043915,COSTUMES,FUN WORLD,1,119512,each,
22186,COOL KAT SM,COOL KAT SM,,GIRLS,SM,29.99,39.99,71765043908,COSTUMES,FUN WORLD,2,119512,each,
22188,BROKEN DOLL MED,BROKEN DOLL MED,,GIRLS,SM,29.99,39.99,71765069311,COSTUMES,FUN WORLD,2,124072,each,
22189,BROKEN DOLL LG,BROKEN DOLL LG,,GIRLS,LG,29.99,39.99,71765069328,COSTUMES,FUN WORLD,1,124072,each,
22195,BROKEN DOLL SM,BROKEN DOLL SM,,GIRLS,SM,29.99,39.99,71765069304,COSTUMES,FUN WORLD,2,124072,each,
22200,SKELETON BRIDE MED,SKELETON BRIDE MED,,GIRLS,SM,33.75,44.99,71765066464,COSTUMES,FUN WORLD,2,116442,each,
22208,SKELETON BRIDE LG,SKELETON BRIDE LG,,GIRLS,LG,33.75,44.99,71765066471,COSTUMES,FUN WORLD,3,116442,each,
22323,COZY BAT MED,COZY BAT MED,,GIRLS,MED,29.99,39.99,714718510651,COSTUMES,LEG AVENUE INC.,0,C49100,each,
22324,COZY BAT SM,COZY BAT SM,,GIRLS,SM,29.99,39.99,714718510644,COSTUMES,LEG AVENUE INC.,0,C49100,each,
22331,COZY BAT 3T-4T,COZY BAT 3T-4T,,GIRLS,3-4T,29.99,39.99,714718510637,COSTUMES,LEG AVENUE INC.,1,C49100,each,
22341,PINKIE PIE 4-6X,PINKIE PIE 4-6X,,GIRLS,4-6X,24.74,32.99,39897833163,COSTUMES,DISGUISE INC.,0,83316L,each,
22342,PINKIE PIE 3-4T,PINKIE PIE 3-4T,,GIRLS,3-4T,24.74,32.99,39897833187,COSTUMES,DISGUISE INC.,0,83316M,each,
22343,RAINBOW DASH 3-4T,RAINBOW DASH 3-4T,,GIRLS,3-4T,24.74,32.99,39897833156,COSTUMES,DISGUISE INC.,0,83313M,each,
22344,RAINBOW DASH 4-6X,RAINBOW DASH 4-6X,,GIRLS,4-6X,24.74,32.99,39897833132,COSTUMES,DISGUISE INC.,0,83313L,each,
22345,TWILIGHT SPARKLE 4-6X,TWILIGHT SPARKLE 4-6X,,GIRLS,4-6X,24.74,32.99,39897833217,COSTUMES,DISGUISE INC.,0,83319M,each,
22346,TWILIGHT SPARKLE 3-4T,TWILIGHT SPARKLE 3-4T,,GIRLS,3-4T,24.74,32.99,39897833194,COSTUMES,DISGUISE INC.,0,83319L,each,
22367,RAINBOW UNICORN MED 8-10,RAINBOW UNICORN MED 8-10,,GIRLS,UNICORN SM,32.2425,42.99,809801734530,COSTUMES,AMSCAN,2,842747,3,
22377,CINDERELLA MOVIE LG 10-12,CINDERELLA MOVIE LG 10-12,,GIRLS,SM 4-6X,32.99,57.99,39897870762,COSTUMES,DISGUISE INC.,1,87076G,each,
22378,PINK RANGER DINO CHARGE 4-6X,PINK RANGER DINO CHARGE 4-6X,,GIRLS,,22.49,29.99,39897827674,COSTUMES,DISGUISE INC.,2,82766L,,
22379,PINK RANGER DINO CHARGE M7-8,PINK RANGER DINO CHARGE M7-8,,GIRLS,,22.49,29.99,39897827667,COSTUMES,DISGUISE INC.,0,82766K,,
22380,GUN SLINGER GIRLS LG12-14,GUN SLINGER GIRLS LG12-14,,GIRLS,,29.99,39.99,91346975633,COSTUMES,COSTUME CULTURE BY FRANCO LLC,1,49756-L,,
22381,GUN SLINGER GIRLS SM 4-6,GUN SLINGER GIRLS SM 4-6,,GIRLS,SM,29.99,39.99,91346975619,COSTUMES,COSTUME CULTURE BY FRANCO LLC,2,49756-S,,
22382,GUN SLINGER GIRLS M 8-10,GUN SLINGER GIRLS MED 8-10,,GIRLS,SM,29.99,39.99,91346975626,COSTUMES,COSTUME CULTURE BY FRANCO LLC,0,49756-M,,
22426,REY SM,REY SM,,GIRLS,SM,26.24,34.99,883028089994,COSTUMES,RUBIE'S COSTUME CO.,1,620083,each,
22449,RAPUNZEL CLASSIC 4-6X,RAPUNZEL CLASSIC 4-6X,,GIRLS,4-6X,24.74,32.99,39897592022,COSTUMES,DISGUISE INC.,0,59200L,each,
22452,RAPUNZEL CLASSIC MED 7-8,RAPUNZEL CLASSIC MED 7-8,,GIRLS,MED 7-8,24.74,32.99,39897592046,COSTUMES,DISGUISE INC.,0,59200K,each,
22820,JESSIE TOY STORY 3-4T,JESSIE TOY STORY 3-4T,,GIRLS,3-4T,24.74,32.99,32692548058,COSTUMES,DISGUISE INC.,2,5480M,each,
22821,JESSIE TOY STORY 4-6X,JESSIE TOY STORY 4-6X,,GIRLS,4-6X,24.74,32.99,32692548065,COSTUMES,DISGUISE INC.,1,5480L,each,
22848,BUCCANEER BEAUTY LG 12-14,BUCCANEER BEAUTY LG 12-14,,GIRLS,LG 12-14,18.74,24.99,809801736220,COSTUMES,AMSCAN,2,842913,each,
22878,CHEERLEADER CHAMP SM 4-6,CHEERLEADER CHAMP SM4-6,,GIRLS,SM,14.9925,19.99,883028268856,COSTUMES,RUBIE'S COSTUME CO.,1,882688,each,
22894,BABY DOLL CLOWN LG,BABY DOLL CLOWN LG,,GIRLS,LG,20.99,27.99,883028396870,COSTUMES,RUBIE'S COSTUME CO.,1,883968,each,
22896,BABY DOLL CLOWN MED,BABY DOLL CLOWN MED,,GIRLS,MED,20.99,27.99,883028396863,COSTUMES,RUBIE'S COSTUME CO.,2,883968,each,
22900,BABY DOLL CLOWN SM,BABY DOLL CLOWN SM,,GIRLS,MED,20.99,27.99,883028396856,COSTUMES,RUBIE'S COSTUME CO.,1,883968,each,
22901,CHEERLEADER LG,CHEELEADER LG,,GIRLS,LG,14.99,19.99,883028113170,COSTUMES,RUBIE'S COSTUME CO.,2,881131,each,
22907,CHEERLEADER MED,CHEELEADER MED,,GIRLS,MED,14.99,19.99,883028113163,COSTUMES,RUBIE'S COSTUME CO.,2,881131,each,
22908,CHEERLEADER SM,CHEELEADER SM,,GIRLS,SM,14.99,19.99,883028113156,COSTUMES,RUBIE'S COSTUME CO.,2,881131,each,
22914,CROSSBONE CUTIE LG 12-14,CROSSBONE CUTIE LG 12-14,,GIRLS,LG12-14,29.9925,39.99,809801722353,COSTUMES,AMSCAN,3,842017,each,
23304,REY CHILD SM,REY CHILD SM,,GIRLS,SM,33.24,42.99,883028090242,COSTUMES,RUBIE'S COSTUME CO.,2,620090,each,
23305,REY CHILD MED,REY CHILD MED,,GIRLS,MED,33.24,42.99,883028090259,COSTUMES,RUBIE'S COSTUME CO.,3,620090,each,
23306,REY CHILD LG,REY CHILD LG,,GIRLS,LG,33.24,42.99,883028090266,COSTUMES,RUBIE'S COSTUME CO.,1,620090,each,
23439,SAILOR SWEETIE LG,SAILOR SWEETIE LG,,GIRLS,LG,29.9925,39.99,714718483597,COSTUMES,LEG AVENUE INC.,2,C48204,each,
